OG5_126539	PFL0465c	
OG5_126570	PFF0860c	
OG5_126573	PF11_0061	
OG5_126574	PF14_0244	
OG5_126596	PFE1150w	
OG5_126601	PFE1250w	
OG5_126609	PFF0945c	
OG5_126610	PFL0950c	
OG5_126611	PF10_0084	
OG5_126615	PF11_0338	
OG5_126618	PFI1125c	
OG5_126619	PFC1045c	
OG5_126621	PFF1265w	
OG5_126632	PFI1560c	591,592,593,594
OG5_126635	PFL2250c	458
OG5_126646	PF11_0327	
OG5_126648	MAL13P1.324	
OG5_126659	PF13_0132	
OG5_126665	PFA0580c	
OG5_126668	PF11_0272	
OG5_126672	PF13_0233	
OG5_126676	PF08_0071	
OG5_126679	PFL1720w	
OG5_126680	PFF1350c	
OG5_126681	PFE0810c	
OG5_126684	PF13_0179	
OG5_126685	PFF1300w	
OG5_126687	MAL13P1.92	42
OG5_126688	PF07_0079	139,140,141
OG5_126691	PF13_0229	
OG5_126696	PF10_0203	
OG5_126698	PF10_0155	
OG5_126703	PFL0585w	
OG5_126705	PF08_0113	897
OG5_126706	MAL8P1.69	
OG5_126707	PFF0450c	
OG5_126708	PF13_0349	
OG5_126710	PF10_0299	
OG5_126711	PFL0595c	
OG5_126712	MAL13P1.279	
OG5_126714	PFC0800w	
OG5_126720	PFF0530w	
OG5_126722	PF14_0448	
OG5_126723	PF14_0589	
OG5_126724	PFA0335w	
OG5_126727	PFL2275c	
OG5_126728	MAL13P1.206	
OG5_126729	PF13_0019	
OG5_126730	PF13_0143	
OG5_126732	PFF0290w	
OG5_126733	PF14_0455	
OG5_126734	PFI1090w	
OG5_126735	PF11_0192	
OG5_126736	PF13_0251	303,304,305,306,307,308
OG5_126737	PFB0200c	
OG5_126741	PF11_0396	
OG5_126742	PFI1260c	
OG5_126743	PFF1155w	
OG5_126744	PF11_0351	
OG5_126746	PF13_0269	
OG5_126748	PFI1685w	
OG5_126750	PF10_0322	
OG5_126752	PFL0900c	
OG5_126754	PF07_0065	353,354,355
OG5_126755	PF10_0149	
OG5_126757	PF14_0484	
OG5_126760	PF10_0038	
OG5_126761	PF08_0087	
OG5_126762	PF10_0086	
OG5_126764	PF11_0270	
OG5_126765	PF10_0261	
OG5_126766	PF14_0240	
OG5_126768	PFC0250c	
OG5_126776	PFI1105w	
OG5_126777	MAL8P1.22	
OG5_126779	PF08_0045	
OG5_126783	PFL2210w	
OG5_126784	PF07_0085	
OG5_126786	PFI0420c	
OG5_126788	PF10_0153	
OG5_126794	PF08_0059	
OG5_126795	PFL1170w	
OG5_126799	PF13_0354	
OG5_126800	PF14_0323	
OG5_126801	MAL13P1.284	
OG5_126803	PFE0965c	
OG5_126807	PFF1070c	43,44,45,46
OG5_126808	PFL0150w	
OG5_126812	PFD1035w	
OG5_126815	MAL8P1.99	
OG5_126818	MAL7P1.340	
OG5_126820	PF14_0627	
OG5_126821	PF14_0142	
OG5_126823	PF14_0053	
OG5_126826	PFL2325c	
OG5_126829	PFI1255w	
OG5_126835	PF13_0044	2405
OG5_126838	PF14_0034	
OG5_126839	PF14_0352	
OG5_126840	PF11_0173	
OG5_126842	PF10_0245	210
OG5_126843	MAL8P1.17	
OG5_126848	PFL0175c	
OG5_126849	PF08_0096	
OG5_126851	PF14_0100	420
OG5_126852	PFC1020c	162
OG5_126856	MAL13P1.146	
OG5_126862	PF14_0295	
OG5_126863	PF14_0477	
OG5_126864	PFC0271c	
OG5_126865	PFI0685w	365,366
OG5_126867	PFL2055w	
OG5_126869	PFD0825c	
OG5_126872	PF11_0043	
OG5_126874	PF10_0272	19
OG5_126877	PFL0190w	
OG5_126878	PFC0735w	
OG5_126882	PF13_0340	
OG5_126883	PF14_0359	113
OG5_126886	PFA0555c	
OG5_126887	PFI1020c	
OG5_126888	PFC0525c	
OG5_126889	PF13_0140	
OG5_126890	PF11_0065	
OG5_126891	PFC0175w	
OG5_126892	PF14_0334	383,1210,1211,1923
OG5_126893	PFL0630w	210
OG5_126895	PFE0270c	257,258
OG5_126896	PFE0975c	113,115
OG5_126897	PFL0495c	
OG5_126898	PF14_0376	
OG5_126900	PF13_0268	
OG5_126903	PF11_0348	
OG5_126904	PF14_0421	
OG5_126907	PFE0185c	
OG5_126908	PFF1150w	
OG5_126912	PFE0305w	
OG5_126913	PFF0715c	
OG5_126914	PF14_0200	
OG5_126916	PFI1420w	
OG5_126918	MAL7P1.320	
OG5_126920	PFL2465c	
OG5_126922	PFL0210c	
OG5_126923	PF14_0486	
OG5_126927	PF10_0334	
OG5_126930	PF08_0076	
OG5_126931	PFC0535w	40
OG5_126932	PF13_0350	
OG5_126934	PF11_0225	
OG5_126936	PF11_0212	
OG5_126937	PFB0130w	
OG5_126938	PF14_0231	
OG5_126939	PFE0555w	
OG5_126940	PFF0700c	171
OG5_126941	PF13_0259	
OG5_126943	PFL2460w	
OG5_126948	PFA0515w	439,440,441,442,1396,1397,1398
OG5_126949	MAL7P1.122	
OG5_126950	PFL1110c	
OG5_126951	PF14_0141	
OG5_126952	PFD0462w	
OG5_126953	PFC0300c	
OG5_126955	PF13_0353	
OG5_126956	PF10_0036	
OG5_126957	PF10_0043	
OG5_126959	MAL7P1.150	
OG5_126960	PFI0735c	
OG5_126964	PF13_0228	
OG5_126965	PFI0190w	11
OG5_126966	PF13_0344	
OG5_126967	PFL1555w	
OG5_126968	PFL1550w	
OG5_126969	PF10_0193	
OG5_126970	MAL7P1.110	
OG5_126971	PF13_0119	
OG5_126972	PF13_0262	
OG5_126973	PF14_0143	682,683,2520
OG5_126974	PF13_0315	
OG5_126978	PF11_0258	
OG5_126980	PF14_0341	
OG5_126982	PFF0435w	
OG5_126983	PFE1005w	
OG5_126984	PF14_0655	
OG5_126985	PFF1275c	
OG5_126986	PFC0775w	
OG5_126988	PFC0200w-b	75
OG5_126990	PF14_0431	626,627
OG5_126991	PF14_0147	
OG5_126992	PF11_0282	
OG5_126993	PF13_0129	
OG5_126994	PFL0705c	
OG5_126996	PF13_0271	
OG5_126998	PF14_0205	48
OG5_127002	PF14_0378	
OG5_127005	PF10_0187	
OG5_127008	PF13_0045	
OG5_127011	PF13_0287	
OG5_127012	PFI1030c-b	
OG5_127014	PF10_0264	
OG5_127015	PFI1670c	
OG5_127016	PFF0885w	6,7
OG5_127020	PF14_0518	
OG5_127022	PFE0850c	
OG5_127023	PFI1625c	
OG5_127024	PFC0385c	
OG5_127025	PF07_0043	66
OG5_127027	PFL0960w	
OG5_127028	PFB0385w	
OG5_127029	PFC0290w	
OG5_127033	PFD0770c	71,72
OG5_127036	PFA0480w	
OG5_127038	PFB0760w	
OG5_127039	PF14_0083	31,32,133
OG5_127040	MAL8P1.81	
OG5_127044	PF11_0141	
OG5_127045	PF14_0601	
OG5_127046	PF14_0585	
OG5_127047	PF10_0208	
OG5_127049	PF07_0059	
OG5_127050	PFE0350c	383,384,385
OG5_127051	PF11_0313	
OG5_127053	PFE0285c	
OG5_127054	PF14_0466	
OG5_127057	PF13_0242	
OG5_127058	MAL13P1.289	
OG5_127061	PFD0305c	
OG5_127064	PF07_0088	49
OG5_127068	PFD0390c	297
OG5_127070	PFL1245w	
OG5_127072	PF11_0438	
OG5_127074	PF11_0301	
OG5_127076	PFI1310w	
OG5_127077	PF13_0061	
OG5_127079	PF11_0427	
OG5_127080	PFD1055w	141
OG5_127081	PFE1400c	
OG5_127086	PFI1110w	218
OG5_127089	PF13_0316	
OG5_127090	PF14_0230	19
OG5_127096	PF13_0205	
OG5_127097	PFE1185w	
OG5_127098	PF08_0126	
OG5_127099	PFL1725w	
OG5_127100	PF10_0111	
OG5_127102	MAL13P1.231	
OG5_127103	PF11_0113	
OG5_127104	PFF1240w	
OG5_127105	PF10_0316	
OG5_127106	PF11_0097	259,260,261
OG5_127107	PFC0105w	315,316,317,318,319,320
OG5_127109	PF14_0774	
OG5_127113	PF14_0316	1106,1107,1244,1245,1246,1247,1248,1296
OG5_127114	PF14_0391	21
OG5_127117	PF11_0053	940,941,942,943,944
OG5_127118	PF13_0326	
OG5_127121	PF14_0511	
OG5_127125	PF14_0401	
OG5_127127	PF11_0447	
OG5_127128	PF08_0075	29,30,31,38,98
OG5_127129	PFL0320w	
OG5_127130	PF13_0224	
OG5_127131	PF08_0129	
OG5_127132	PF14_0296	
OG5_127134	PF11_0106	
OG5_127135	PFB0210c	
OG5_127137	PF07_0080	
OG5_127138	PFB0830w	
OG5_127141	PFI1245c	
OG5_127143	PF14_0425	
OG5_127144	MAL13P1.216	
OG5_127146	MAL8P1.104	
OG5_127149	MAL13P1.344	
OG5_127151	PF11_0453	
OG5_127152	PF10_0123	
OG5_127154	PFL0670c	
OG5_127155	PFD0355c	
OG5_127156	PF08_0039	
OG5_127158	MAL7P1.68	
OG5_127160	PF14_0632	
OG5_127161	MAL13P1.292	
OG5_127162	PFI1140w	
OG5_127165	PFB0795w	
OG5_127166	PFB0455w-b	58
OG5_127167	PF07_0033	
OG5_127169	PF11_0339	
OG5_127170	PF14_0114	
OG5_127172	PF07_0078	180
OG5_127174	PFI0965w	
OG5_127175	PF14_0520	
OG5_127176	PF11_0260	
OG5_127178	PFL2305w	
OG5_127179	PF11_0284	
OG5_127180	PFF1050w	
OG5_127181	PFD0725c	
OG5_127187	PFC0310c	303
OG5_127188	PF14_0139	839
OG5_127189	PF14_0517	
OG5_127191	PF14_0068	
OG5_127195	PF14_0309	
OG5_127199	PF14_0575a	
OG5_127200	PFL2165w	
OG5_127201	PF11_0184	
OG5_127203	PF08_0036	
OG5_127204	PFC0395w	
OG5_127205	MAL7P1.300	
OG5_127206	PF13_0213	163
OG5_127208	PF10_0369	38
OG5_127211	PFB0220w	
OG5_127213	PF14_0280	
OG5_127215	PFC0275w	
OG5_127216	PF11_0256	
OG5_127218	PF14_0112	
OG5_127220	PFL0110c	
OG5_127221	PF14_0027	77,78,79,92,94
OG5_127223	PF11_0471	
OG5_127224	MAL8P1.16	
OG5_127225	PF11_0245	501,502,504
OG5_127227	PFA0145c	139
OG5_127230	PFC0305w	
OG5_127231	PF14_0327	
OG5_127233	PFE1050w	
OG5_127234	PF14_0256	83,84,85
OG5_127236	MAL13P1.209	
OG5_127237	PF13_0065	
OG5_127241	PF14_0508	
OG5_127245	PF10_0289	
OG5_127247	PFL1890c	
OG5_127248	PF14_0502	
OG5_127249	MAL13P1.47	
OG5_127250	PFB0550w	
OG5_127251	PF08_0120	
OG5_127254	PF14_0415	
OG5_127256	PF11_0461	
OG5_127259	PFF0100w	
OG5_127261	PFC0295c	
OG5_127262	PF14_0579	
OG5_127263	PF14_0326	3350,5490
OG5_127264	PF14_0052	
OG5_127265	PF14_0155	
OG5_127268	PFB0645c	
OG5_127269	PFB0885w	
OG5_127272	PF14_0198	
OG5_127273	PF13_0049	76
OG5_127279	PF13_0280	
OG5_127283	PFB0270w	
OG5_127284	PFI0570w	
OG5_127287	PFC0150w	
OG5_127288	PFA0525w	364
OG5_127289	PFF0160c	
OG5_127291	PFD0311w	
OG5_127294	PF14_0081	704,705
OG5_127297	PF13_0324	
OG5_127299	PF14_0377	
OG5_127300	PFL0130c	722,2191,2193,2194,2195
OG5_127301	PF13_0227	
OG5_127308	PFL0185c	
OG5_127310	PFE0625w	
OG5_127311	PF11_0152	
OG5_127312	PFF0345w	5,67,69,135,136,137,138,139,141,275
OG5_127316	PF08_0038	
OG5_127319	PF14_0529	
OG5_127320	PF10_0114	
OG5_127322	PF11_0250	
OG5_127323	MAL13P1.168	
OG5_127324	PFL1345c	508
OG5_127328	MAL13P1.172	
OG5_127330	PFF1395c	
OG5_127331	PFD0810w	
OG5_127332	PFF0370w	
OG5_127333	PF14_0241	33
OG5_127339	PF10_0103	139,140,141,142,143
OG5_127343	PFC0900w	
OG5_127345	PFC0155c	
OG5_127347	PFF0360w	
OG5_127348	MAL13P1.220	50
OG5_127349	PF13_0109	
OG5_127350	PFC0190c	
OG5_127351	PF14_0125	
OG5_127352	PF13_0328	
OG5_127353	PFL2060c	
OG5_127354	PFL2415w	
OG5_127356	MAL13P1.167	
OG5_127358	PFE0110w	
OG5_127359	MAL13P1.218	
OG5_127360	MAL13P1.96	326
OG5_127361	PF10_0332	
OG5_127362	PF13_0121	
OG5_127363	PF07_0034	
OG5_127364	PFI0250c	
OG5_127365	PF14_0038	
OG5_127367	PF14_0107	689
OG5_127368	PF13_0014	
OG5_127369	PFI0700c	
OG5_127371	MAL8P1.63	
OG5_127374	PF10_0121	
OG5_127375	MAL13P1.22	
OG5_127380	PF10_0200	69,77,1248,1276
OG5_127382	MAL13P1.105	
OG5_127383	PF10_0191	
OG5_127384	PFL2095w	
OG5_127385	PFD0830w	
OG5_127386	PF14_0393	
OG5_127387	PFE0445c	
OG5_127389	PFE0435c	
OG5_127390	PFI0645w	143
OG5_127391	PF11_0187	
OG5_127394	PFF0775w	
OG5_127395	PFL0480w	
OG5_127401	PFE0970w	
OG5_127402	PF07_0057	
OG5_127404	PF11_0485	
OG5_127405	PF10_0341	926
OG5_127407	PFF1095w	
OG5_127411	PFF0625w	
OG5_127412	PF13_0345	
OG5_127413	PF11_0181	
OG5_127414	PFE0730c	
OG5_127415	PFF0610c	
OG5_127416	MAL13P1.170	
OG5_127417	PF14_0148	
OG5_127419	PFB0290c	
OG5_127420	PF10_0143	2227
OG5_127422	PF14_0242	
OG5_127423	PFE1125w	
OG5_127424	MAL13P1.270	
OG5_127425	PFL2280w	
OG5_127427	PF11_0384	
OG5_127428	PFF0430w	324
OG5_127429	PF10_0165	
OG5_127430	MAL13P1.337	
OG5_127432	PFI0300w	
OG5_127433	PF07_0117	
OG5_127434	PF07_0015	
OG5_127438	PFB0445c	
OG5_127440	PFE0450w	1066,1401
OG5_127441	PF14_0097	
OG5_127442	PF14_0146	
OG5_127443	PF10_0087	
OG5_127446	PFE0790c	
OG5_127447	PF14_0104	
OG5_127448	PF11_0312	
OG5_127450	PF11_0200	
OG5_127451	PF13_0130	
OG5_127452	PF11_0164	
OG5_127453	PFF0665c	662
OG5_127454	PF11_0198	68,76,85,87,95,96,97,98,99
OG5_127455	PF13_0341	
OG5_127456	PF10_0081	44,45,46,47
OG5_127457	PFI1175c	
OG5_127464	PF14_0661	
OG5_127465	PFB0895c	17,18,19,20
OG5_127466	PFD0780w	
OG5_127468	PF10_0340	
OG5_127471	PF13_0170	
OG5_127472	PFD0420c	
OG5_127473	PFC0730w	
OG5_127474	PF13_0062	
OG5_127476	PFL1490w	967,968,969,970
OG5_127478	PF14_0132	139,152,652,653
OG5_127479	PFD0850c-a	
OG5_127480	PFL0930w	
OG5_127481	PF14_0510	
OG5_127483	PFL1425w	
OG5_127484	PF11_0454	
OG5_127486	PF14_0381	
OG5_127488	PF13_0178	
OG5_127490	PF11_0051	
OG5_127491	PF11_0208	
OG5_127493	PF14_0664	359,2713
OG5_127496	PFL2070w	20
OG5_127497	PFE0300c	
OG5_127498	PFL0660w	
OG5_127499	PFL1180w	
OG5_127506	PFB0640c	
OG5_127507	PFL1155w	
OG5_127508	PF14_0548	
OG5_127509	MAL8P1.300	
OG5_127510	MAL13P1.326	
OG5_127511	PF07_0105	318,319
OG5_127512	PFE1470w	
OG5_127514	PF11_0183	
OG5_127515	MAL8P1.37	
OG5_127516	PF08_0019	
OG5_127521	PF13_0082	
OG5_127522	PFE0835w	
OG5_127523	PFI1835c	
OG5_127524	PF14_0441	
OG5_127529	PFL2120w	
OG5_127531	PFL2485c	
OG5_127533	PF13_0083	
OG5_127534	PF13_0087	
OG5_127535	PFA0500w	
OG5_127536	PFL1080c	
OG5_127537	PFE1195w	
OG5_127539	PFD0470c	
OG5_127541	PF11_0095	
OG5_127542	PFE0705c	
OG5_127549	PFE0595w	
OG5_127550	PFD0680c	99,100
OG5_127551	MAL8P1.23	931,3758,3759,5373,5374,8139
OG5_127552	PF11_0121	
OG5_127553	PF14_0064	
OG5_127554	MAL13P1.69	
OG5_127555	MAL8P1.156	
OG5_127557	PF08_0094	
OG5_127562	MAL8P1.142	
OG5_127563	PFL0075w	482,483,485
OG5_127564	PFA0530c	
OG5_127567	MAL8P1.125	231
OG5_127568	PF08_0048	97,98
OG5_127572	PFE1090w	
OG5_127573	PF14_0221	152,153,154,155,156
OG5_127574	PF14_0373	
OG5_127575	PF11_0386	
OG5_127577	PF14_0178	
OG5_127578	PFD0265w	
OG5_127580	PF13_0214	
OG5_127585	PFI1650w	
OG5_127590	PF11_0295	
OG5_127592	PF10_0085	475
OG5_127593	PF07_0112	
OG5_127594	PF11_0477	
OG5_127595	PFB0730w	2109,2110
OG5_127596	PFL1125w	39,302,303,304,305,306,307,308,309,310,1028,1029,1126,1619
OG5_127597	PF14_0127	
OG5_127598	PF14_0136	
OG5_127599	PF14_0346	
OG5_127600	PFL2005w	
OG5_127602	PF08_0040	131,132
OG5_127604	PF14_0717	
OG5_127605	PF13_0302	
OG5_127606	PFL2345c	
OG5_127608	PF11_0463	
OG5_127609	PF14_0562	
OG5_127610	MAL13P1.329	
OG5_127611	PF10_0320a	
OG5_127612	MAL8P1.122	
OG5_127613	PF10_0122	
OG5_127615	PFD0485w	
OG5_127616	PFI0155c	
OG5_127617	PFE0545c	
OG5_127619	PF14_0277	
OG5_127621	MAL13P1.281	
OG5_127622	PFI1130c	
OG5_127623	MAL8P1.128	190,191
OG5_127624	PF08_0056	
OG5_127625	PFF0365c	165
OG5_127627	PF11_0145	
OG5_127630	PF10_0274	
OG5_127631	PF13_0095	
OG5_127632	PFB0750w	
OG5_127633	PFF0340c	
OG5_127638	PF11_0380	
OG5_127639	PFI1360c	
OG5_127641	PF07_0103	
OG5_127643	PFF1345w	
OG5_127648	PF10_0169	
OG5_127649	PF11_0257	
OG5_127650	PFI0150c	
OG5_127652	PF08_0125	
OG5_127653	PFD0515w	
OG5_127654	PFD0745c	
OG5_127663	PF11_0072	294
OG5_127665	PFC0140c	666
OG5_127666	PFL2090c	
OG5_127669	PFF1335c	
OG5_127670	MAL7P1.130	
OG5_127671	PF13_0253	
OG5_127672	PFC0935c	
OG5_127673	MAL7P1.26	
OG5_127674	PFL1705w	881,883,884,885
OG5_127675	PF08_0011	
OG5_127676	PF13_0322	
OG5_127677	PFF1295w	
OG5_127679	MAL8P1.67	
OG5_127683	PF14_0615	
OG5_127684	PFD0975w	618
OG5_127685	MAL13P1.244	
OG5_127686	PF14_0689	
OG5_127687	PFL1480w	
OG5_127688	PF13_0023	
OG5_127689	PF10_0062	
OG5_127690	PF11_0359	
OG5_127691	PF07_0027	
OG5_127692	MAL13P1.135	
OG5_127696	PFE1340w	
OG5_127698	PFC0135c	
OG5_127700	PF14_0676	
OG5_127702	PFE0520c	
OG5_127703	PF13_0313	
OG5_127705	PF13_0156	
OG5_127710	PF08_0031	
OG5_127711	PFI0450c	
OG5_127713	PF13_0016	
OG5_127714	PFD0950w	
OG5_127716	PF14_0563	
OG5_127717	PF14_0576	
OG5_127718	MAL7P1.81	
OG5_127719	PFF0320c	
OG5_127721	PFL1855w	
OG5_127722	MAL8P1.75a	
OG5_127723	PF14_0492	
OG5_127729	PFI0740c	
OG5_127730	PFC0285c	
OG5_127731	MAL7P1.202	
OG5_127732	PF08_0053	
OG5_127733	PFB0865w	69,70,71,72
OG5_127734	PFL0985c	
OG5_127735	MAL13P1.16	
OG5_127739	PFE1350c	
OG5_127741	PF11_0352	
OG5_127742	PFE0755c	
OG5_127744	PFF0120w	
OG5_127747	PF11_0251	459,460
OG5_127748	PF08_0041	
OG5_127749	PF14_0086	
OG5_127751	PFE1255w	46,47,49,50
OG5_127752	PFC0910w	
OG5_127754	PF07_0121	723,724
OG5_127755	PFC0745c	
OG5_127757	MAL13P1.343	
OG5_127759	PF13_0282	
OG5_127760	PFI0290c	
OG5_127761	PFA0400c	
OG5_127762	PFI1545c	
OG5_127764	PF14_0177	
OG5_127765	PF11_0117	
OG5_127766	PFI0415c	
OG5_127767	PF11_0370	
OG5_127768	PF14_0282	
OG5_127770	PFA0260c	
OG5_127771	PFC0255c	
OG5_127772	PF10_0144	
OG5_127773	MAL7P1.147	364,365,366,2543,2544,2545,2735
OG5_127775	PFL2115c	
OG5_127778	PF08_0098	
OG5_127779	PFL0335c	153
OG5_127780	PFI1700c	293
OG5_127781	PF08_0034	
OG5_127782	PFC0350c	
OG5_127784	PFB0860c	559
OG5_127785	PF07_0115	1180,1181,1182
OG5_127786	PF11_0314	
OG5_127789	PFD0685c	885,1051
OG5_127790	PFA0330w	195,196,197,581
OG5_127791	PFF0420c	
OG5_127792	PFF0285c	
OG5_127793	MAL13P1.67	
OG5_127796	PF07_0092	362
OG5_127797	PF13_0034	
OG5_127799	MAL13P1.76	
OG5_127804	PFC0915w	
OG5_127805	PF08_0009	
OG5_127806	PFE1355c	
OG5_127808	PFF0330w	
OG5_127812	PF14_0677	
OG5_127813	PFL2140c	
OG5_127814	PF11_0266	
OG5_127816	PF14_0145	82,83,84,85,702,703,704,901,902,1037,1038,1039
OG5_127819	PF11_0445	
OG5_127820	PF11_0292	
OG5_127821	PF10_0210	
OG5_127822	PFC0375c	
OG5_127824	PF10_0069	
OG5_127825	PF13_0152	235,236
OG5_127828	PF13_0033	
OG5_127829	PFF0760w	
OG5_127831	PFD0665c	
OG5_127832	MAL13P1.283	
OG5_127833	PF11_0293	
OG5_127834	PFE0915c	
OG5_127835	PF14_0020	
OG5_127836	PFL1940w	
OG5_127838	PFL1790w	
OG5_127840	PFI0475w	
OG5_127842	PFL1780w	
OG5_127843	PF08_0069	
OG5_127848	PF11_0191	495,496
OG5_127853	PFB0465c	
OG5_127854	PF08_0109	
OG5_127855	PFB0370c	
OG5_127856	PF10_0331	
OG5_127857	PF13_0066	
OG5_127866	PFL0830w	251,252,253,254,255,256,257,258
OG5_127868	PFI0775w	
OG5_127869	PF14_0635	
OG5_127870	PFI0885w	
OG5_127871	PF14_0292	140,141,142
OG5_127874	PFC0340w	35
OG5_127875	PF13_0285	
OG5_127876	PFE0820c	
OG5_127878	PF14_0122	
OG5_127881	PFD0930w	
OG5_127882	PF14_0586a	
OG5_127883	PFL1685w	
OG5_127884	PF14_0716	
OG5_127885	MAL8P1.133	
OG5_127886	PF11_0112	94,95
OG5_127887	PF10_0268	
OG5_127888	MAL13P1.82	
OG5_127889	PF10_0174	
OG5_127890	PFD0455w	478
OG5_127891	PF10_0298	299
OG5_127895	PFF1440w	429,430
OG5_127898	MAL13P1.271	
OG5_127900	MAL13P1.171	
OG5_127902	PF10_0266	728,729,730,731
OG5_127903	PF07_0122	
OG5_127904	PF11_0412	
OG5_127906	PFL0470w	
OG5_127909	PF10_0278	444
OG5_127911	PFE0980c	
OG5_127912	PF08_0055	
OG5_127913	PFL1775c	
OG5_127914	PF07_0011	
OG5_127915	MAL7P1.159	
OG5_127916	PFC0920w	
OG5_127918	PF10_0117	
OG5_127919	PFF0535c	56,57,58,533,534,535,536
OG5_127921	PF13_0135	
OG5_127922	PF14_0025	
OG5_127923	PFB0635w	
OG5_127924	PFE0465c	
OG5_127925	PFA0170c	1934
OG5_127926	MAL13P1.169	
OG5_127927	PFD1070w	
OG5_127929	PF11_0358	
OG5_127933	PFI0630w	
OG5_127934	PFC0225c	
OG5_127936	PFL0665c	
OG5_127938	PFD0367w	
OG5_127941	PFE1155c	
OG5_127942	PFF1470c	
OG5_127944	PF11_0071	
OG5_127945	PFI0530c	
OG5_127946	PFA0300c	342
OG5_127948	PF14_0339	
OG5_127950	PFB0260w	
OG5_127952	PF14_0784	
OG5_127954	PFL1635w	
OG5_127957	PF11_0303	
OG5_127958	PF07_0020	391,392,393,394,395
OG5_127960	PF13_0291	
OG5_127962	PFE0430w	
OG5_127963	PFI1610c	
OG5_127969	PFA0390w	
OG5_127970	PFL0310c	
OG5_127971	PF10_0217	203,300,540
OG5_127975	PF11_0264	
OG5_127977	MAL13P1.346	
OG5_127979	PFL0580w	
OG5_127980	PF14_0671	
OG5_127981	PF10_0269	
OG5_127982	PFC0380w	
OG5_127984	PF14_0456	402,411
OG5_127985	PF14_0349	60,61
OG5_127986	PFC0845c	
OG5_127987	PFB0450w	
OG5_127988	PFD0750w	
OG5_127990	MAL13P1.341	
OG5_127991	PFE1430c	
OG5_127993	PF07_0083	
OG5_127994	PFI0835c	
OG5_127995	PF11_0437	
OG5_127998	PF11_0331	
OG5_127999	MAL13P1.134	
OG5_128000	PF10_0327	162
OG5_128001	MAL7P1.145	
OG5_128002	PF13_0330	
OG5_128004	PFB0175c	379,380,381,382,383
OG5_128005	PF14_0144	
OG5_128006	PF14_0597	
OG5_128007	PF11_0297	20,21,22
OG5_128009	PF11_0090	624,625
OG5_128010	PFC0785c	
OG5_128020	PFI1570c	
OG5_128022	PFF0970w	
OG5_128028	PF13_0236	
OG5_128031	PFL1500w	
OG5_128035	PFL2430c	
OG5_128036	PF14_0493	
OG5_128037	PFC0360w	
OG5_128039	PF14_0587	28,725,726,727
OG5_128040	PFB0840w	
OG5_128041	PFE0375w	
OG5_128042	MAL13P1.14	1066
OG5_128043	PFE1140c	
OG5_128049	PF13_0274	
OG5_128050	PF13_0309	
OG5_128051	PF08_0006	
OG5_128052	PFL1975c	462,463,464,465,466
OG5_128053	PF11_0298	
OG5_128055	PFE0870w	1139,1140,1141
OG5_128056	PF13_0063	
OG5_128058	PF08_0135	
OG5_128059	PFE0410w	
OG5_128060	PF07_0111	
OG5_128061	MAL7P1.24	138,139
OG5_128062	PF14_0366	
OG5_128064	PF11_0280	
OG5_128065	PFE1240w	
OG5_128066	PF14_0072	
OG5_128067	PF11_0131	
OG5_128069	PFF0165c	
OG5_128070	MAL13P1.338	27,61,62,64
OG5_128071	PF11_0139	230,231,232,233
OG5_128073	PFC0520w	
OG5_128074	PF14_0358	
OG5_128080	PF14_0215	
OG5_128081	PF11_0483	
OG5_128084	PF11_0143	
OG5_128085	PFI1590c	
OG5_128086	PF07_0067	1015,1103
OG5_128088	PF10_0277	418
OG5_128089	PFA0465c	
OG5_128090	PFD0180c	614,615
OG5_128091	PFF0540c	
OG5_128092	PF14_0374	
OG5_128093	PFL2475w	
OG5_128094	PFE1115c	268
OG5_128095	MAL8P1.75	
OG5_128096	PFI1215w	
OG5_128097	MAL8P1.200	
OG5_128098	MAL13P1.36	
OG5_128104	PF14_0090	
OG5_128105	PF13_0089	
OG5_128106	PF08_0130	194
OG5_128111	PF08_0064	
OG5_128117	PFC0170c	
OG5_128119	PF10_0128	416,417
OG5_128121	PFL0785c	45,144
OG5_128124	PF13_0013	
OG5_128126	PFI1235w	213,214,215
OG5_128127	PF11_0049	2619,2620,2621,2622
OG5_128128	PFD0895c	
OG5_128129	PF14_0360	209,210,211,212,671,672,673,674
OG5_128130	PF08_0026	435,436,437,438,439,440,443,447
OG5_128131	PFE0605c	
OG5_128132	PFL2295w	
OG5_128133	PF11_0311	
OG5_128134	PFE1345c	
OG5_128135	MAL13P1.190	
OG5_128136	PF14_0261	362
OG5_128137	PF10_0136	10,11,12
OG5_128138	PFF0500c	108
OG5_128140	PFI1340w	
OG5_128148	PFL0355c	266,894,895
OG5_128149	PFD0465c	
OG5_128150	PF14_0413	
OG5_128152	PF13_0300	
OG5_128155	PFI1320c	92,93,94
OG5_128156	PFD0960c	
OG5_128158	PF10_0068	
OG5_128159	PF11_0306	501
OG5_128164	PFF1480w	
OG5_128165	PF14_0584	
OG5_128169	PFF1500c	615
OG5_128171	PFL1520w	
OG5_128172	PF13_0335	
OG5_128173	PF11_0441a	
OG5_128174	PF13_0323	
OG5_128175	PF10_0054	6,25,26,28,627,628,629,686,687,688,689
OG5_128177	PFD0590c	818,819
OG5_128178	PF14_0056	717
OG5_128179	PFE0170c	
OG5_128180	PFC0390w	
OG5_128181	PFE0765w	1490,1491
OG5_128182	PFF1030w	142
OG5_128184	PFL2150c	
OG5_128185	PF10_0126	
OG5_128187	PFC0365w	172,173
OG5_128188	PFI0865w	
OG5_128190	PF11_0488	
OG5_128197	PF11_0374	
OG5_128198	PFD0835c	294
OG5_128200	PFC0995c	
OG5_128201	PFL2105c	
OG5_128203	PF10_0360	
OG5_128205	PF13_0117	
OG5_128207	MAL7P1.94	
OG5_128208	PF14_0494	31,32,130
OG5_128209	PF10_0232	1138,2354,2355,2356,2357,2920,2921,2922,3425,3426,3427,3428,3429,3430,3431
OG5_128210	PFL0675c	
OG5_128211	PFE0505w	
OG5_128212	PFC0445w	
OG5_128213	PFI1195c	
OG5_128214	PFI1350c	
OG5_128215	PFE0885w	
OG5_128216	PFI1620c	
OG5_128217	MAL8P1.151	597,598
OG5_128219	PFL2195w	
OG5_128221	PFL1935c	
OG5_128222	PFC0100c	195,196
OG5_128224	MAL13P1.253	
OG5_128225	PF11_0259	176
OG5_128227	PFL1290w	
OG5_128228	PF11_0436	461,462
OG5_128229	PF14_0183b	600,717,718,719,720
OG5_128230	PF10_0330	
OG5_128231	PF14_0194	
OG5_128232	PF13_0051	
OG5_128236	PF11_0105	32
OG5_128237	PFI0380c	
OG5_128238	PF14_0403	
OG5_128239	PF14_0335	
OG5_128241	PF07_0023	736,737
OG5_128243	PFA0505c	
OG5_128245	PFI0320w	
OG5_128246	PFL0765w	
OG5_128247	MAL13P1.52	
OG5_128250	PFI1680w	
OG5_128251	PF10_0179a	
OG5_128253	PFI1070c	7
OG5_128254	MAL13P1.274	
OG5_128255	PF11_0524	
OG5_128256	PF11_0479a	
OG5_128257	PF13_0346	
OG5_128258	PF14_0721	
OG5_128259	PF13_0222	
OG5_128260	PF08_0123	
OG5_128261	PF13_0070	
OG5_128262	PF13_0142	
OG5_128265	PF10_0077	
OG5_128266	PF14_0328	
OG5_128270	PFL1820w	81,82,83,84,85,237,238,239
OG5_128272	PF13_0177	
OG5_128278	MAL13P1.243	426,427,901
OG5_128281	PFL2425w	
OG5_128282	MAL8P1.31	
OG5_128283	PFC0865w	
OG5_128284	MAL8P1.66	
OG5_128285	PFL1655c	
OG5_128289	PF14_0324	
OG5_128291	PF14_0500	
OG5_128292	PFL2010c	
OG5_128294	PFL0815w	224,225,226
OG5_128295	PF13_0308	
OG5_128297	PFL0540w	
OG5_128298	MAL8P1.19	179
OG5_128299	PFI1240c	305,306,307
OG5_128301	PF14_0218	
OG5_128302	PF10_0196	
OG5_128303	PF14_0167	
OG5_128304	PFF1105c	
OG5_128305	PFB0890c	
OG5_128306	PFD0450c	418
OG5_128307	PFC0970w	
OG5_128308	PFB0240w	
OG5_128311	PF13_0334	
OG5_128313	PF14_0055	177
OG5_128314	PF11_0385	
OG5_128315	PF14_0656	338,339,525,527
OG5_128316	PFE0585c	
OG5_128317	PF07_0102	
OG5_128318	PFL0850w	
OG5_128319	PF14_0399	
OG5_128321	PFE0100w	
OG5_128322	PFL0970w	196
OG5_128323	PFE0225w	
OG5_128328	PF14_0397	
OG5_128332	PF10_0057a	642,644,750,751,752,753,754,755,858
OG5_128335	PF14_0688	
OG5_128338	PF14_0564	445,795,796
OG5_128340	MAL7P1.113	
OG5_128341	PF10_0140	
OG5_128343	PFL0460w	
OG5_128344	PFI0505c	890
OG5_128345	PFB0855c	218,219,220
OG5_128346	PF08_0049	
OG5_128347	PFL2245w	
OG5_128348	PF08_0065	
OG5_128349	PF11_0182	138,139,140,141
OG5_128350	PF10_0147	
OG5_128351	MAL13P1.86	151,152,153,154,155,312
OG5_128353	PF14_0098	
OG5_128354	PF10_0194	
OG5_128356	PFF1420w	
OG5_128357	PFB0875c	164
OG5_128359	MAL13P1.540	
OG5_128360	PFL1735c	
OG5_128365	PFE1265w	
OG5_128366	PF13_0048	
OG5_128369	PF13_0204	
OG5_128371	PF13_0223	
OG5_128374	PF14_0543	
OG5_128375	MAL13P1.120	358,376,454,508,509,544
OG5_128378	PF14_0059	393,394,395,396,397,398,399,400,401,588,589,661,662,663,664,665,906,907,917,918,1608,1609,1610,1611,2925
OG5_128381	PF13_0174	
OG5_128383	PF11_0393	
OG5_128384	PFI0480w	895,896
OG5_128385	PFI0490c	
OG5_128387	PF11_0177	
OG5_128390	PFC0890w	
OG5_128392	PFE0090w	
OG5_128397	PFI0215c	
OG5_128399	PFL0685w	
OG5_128400	MAL13P1.182	238,239,240,241,242
OG5_128401	PFF1135w	
OG5_128402	PFI0985c	
OG5_128403	PFD0905w	
OG5_128405	PFL2000w	
OG5_128407	PF13_0362	
OG5_128413	PF13_0102	
OG5_128414	PFL2270w	
OG5_128417	MAL8P1.10	
OG5_128418	PF13_0310	
OG5_128419	PF08_0079	
OG5_128421	PFI1370c	
OG5_128422	PF10_0209	
OG5_128425	PF14_0150	
OG5_128426	PF14_0331	
OG5_128429	PF14_0049	
OG5_128430	PF14_0713	
OG5_128435	PF13_0234	
OG5_128440	PF14_0416	88
OG5_128443	PFE1405c	
OG5_128444	PFB0515w	
OG5_128445	PFB0880w	
OG5_128449	PF14_0345b	
OG5_128452	PFI1600w	
OG5_128453	MAL8P1.14	
OG5_128456	PF10_0099	
OG5_128457	PF14_0248	
OG5_128459	PFL2050w	
OG5_128460	PFC0770c	
OG5_128461	PFB0423c	
OG5_128469	PF14_0700	377,378,424
OG5_128472	PF13_0106	831,832,833
OG5_128475	MAL13P1.184	
OG5_128479	PF13_0091	546,611,612,613,614
OG5_128481	PF10_0215a	123,125
OG5_128483	MAL13P1.299	
OG5_128486	PFF1140c	
OG5_128487	MAL8P1.41	
OG5_128490	MAL8P1.48	
OG5_128492	PF14_0709	
OG5_128495	MAL7P1.139	
OG5_128496	PFE0920c	
OG5_128499	PFL1240c	
OG5_128501	MAL8P1.131	
OG5_128505	PFE0215w	
OG5_128508	PF10_0152	
OG5_128510	PF14_0257	
OG5_128513	PFI0220w	
OG5_128515	PF13_0131	
OG5_128528	PFF1325c	
OG5_128529	PFB0415c	
OG5_128530	MAL8P1.83	
OG5_128533	MAL13P1.335	
OG5_128535	MAL13P1.221	
OG5_128538	MAL8P1.82	1626
OG5_128540	PF10_0057	
OG5_128541	PFE0335w	118,119,120,121,122,123,124
OG5_128542	PF10_0094	
OG5_128543	MAL8P1.58	
OG5_128549	MAL13P1.257	
OG5_128551	PFI1525w	
OG5_128555	MAL7P1.104	
OG5_128558	PFL1680w	
OG5_128563	PFF1410c	
OG5_128565	PFE0380c	
OG5_128566	PF11_0361-a	
OG5_128568	PFL0325w	638,639
OG5_128569	PF14_0197	
OG5_128571	PF11_0265	392,393
OG5_128574	PFF0155w	
OG5_128581	PFB0805c	
OG5_128586	PFF1330c	
OG5_128587	PF14_0643	
OG5_128595	PFI0715w	10
OG5_128596	PFL0860c	
OG5_128599	PF11_0093	84,85,269,270,271,272,399
OG5_128605	PF10_0293	
OG5_128606	PFB0245c	
OG5_128609	PF10_0311	
OG5_128611	PFL2175w	
OG5_128613	PF11_0108	112
OG5_128615	PF11_0249	
OG5_128622	MAL13P1.210	
OG5_128624	PFL2065c	
OG5_128627	PFE0925c	
OG5_128634	PF14_0207	42
OG5_128636	PF13_0036	332,333
OG5_128638	PF13_0257	
OG5_128642	MAL13P1.159	
OG5_128643	PFD0800c	
OG5_128644	PF10_0148	
OG5_128650	PFF0590c	
OG5_128652	MAL13P1.385	
OG5_128656	MAL13P1.45	6,519,520,521,522,523
OG5_128659	MAL8P1.51	
OG5_128660	PF07_0091	122
OG5_128661	PF11_0128	
OG5_128667	PF13_0050	
OG5_128675	PFB0265c	723,724,725
OG5_128678	PFI0335w	
OG5_128684	PFL0835w	895,896,897
OG5_128690	PFA0460c	
OG5_128694	PF08_0020	1328,1329
OG5_128697	PFB0160w	
OG5_128698	PFI0925w	452
OG5_128700	PFL2235w	123,124,125
OG5_128701	PF14_0307	
OG5_128702	PFL2310w	
OG5_128704	PFI0535w	
OG5_128707	PFE1420w	
OG5_128710	PFC0835c	460
OG5_128711	PF08_0077	
OG5_128730	MAL8P1.9	
OG5_128731	PF14_0718	
OG5_128736	PF14_0514	
OG5_128741	PFL0625c	
OG5_128755	PFL1915w	
OG5_128760	PF11_0255	
OG5_128767	PF14_0482	348,349
OG5_128768	PF13_0096	414
OG5_128771	PF11_0428	16,28
OG5_128780	PFF0170w	
OG5_128783	PFL1200c	
OG5_128788	PF13_0296	
OG5_128791	PF14_0699	
OG5_128793	PF14_0602	
OG5_128795	PF11_0156	119,120
OG5_128799	PFL2015w	
OG5_128800	PF07_0068	
OG5_128803	PF08_0095	
OG5_128805	PF10_0337	
OG5_128806	PF14_0066	
OG5_128813	PFA0450c	
OG5_128814	PF13_0118	
OG5_128816	PFL2075c	231
OG5_128822	PF14_0612	52,53,54,107
OG5_128823	PF08_0021	
OG5_128825	PFF0180w	
OG5_128826	PF13_0301	
OG5_128828	PF11_0336	309,349,350,373,374
OG5_128834	PFI1115c	
OG5_128838	MAL13P1.132	406,407
OG5_128840	PFC1060c	152,357,477,478,479
OG5_128851	PFL0295c	
OG5_128859	PF11_0457	
OG5_128863	PFB0655c	175,176,177,178,179,637
OG5_128865	PFE1020w	
OG5_128870	PFE0880c	
OG5_128872	PF14_0570	
OG5_128873	PFC0465c	
OG5_128877	PF13_0293	
OG5_128879	PF10_0109	6
OG5_128881	PF13_0164	669
OG5_128884	PFA0345w-b	
OG5_128885	PF13_0124	
OG5_128896	MAL13P1.238	
OG5_128911	PFF1355w	
OG5_128922	PFI0960w	
OG5_128925	PF14_0432	
OG5_128926	PFB0687c	
OG5_128930	PF07_0062	
OG5_128932	MAL13P1.310	11
OG5_128933	PFE0865c	
OG5_128936	PF14_0640	
OG5_128937	PFA0545c	
OG5_128939	PFL1830w	
OG5_128941	PFI0895c	
OG5_128951	PFL0865w	
OG5_128957	PFF1025c	
OG5_128960	PFE0240w	
OG5_128965	PF14_0396	
OG5_128972	PF10_0306	
OG5_128974	PF13_0022	
OG5_128975	PF10_0097	129,130
OG5_128978	PF07_0110	
OG5_128984	PFE0610c	
OG5_128986	PF14_0115	
OG5_128988	PFF1385c	286
OG5_128993	PFF0785w	
OG5_128997	PF14_0159	
OG5_128999	PF13_0042	
OG5_129002	MAL13P1.165	
OG5_129004	PF13_0136	
OG5_129005	PFC0725c	
OG5_129014	PF08_0121	
OG5_129016	PFE1505w	
OG5_129017	PFL0560c	
OG5_129018	PF10_0041	1268
OG5_129019	PF08_0086	
OG5_129020	PFF0395c	
OG5_129021	PF10_0235	
OG5_129027	MAL7P1.21	273
OG5_129028	MAL8P1.27	
OG5_129033	PFL0090c	
OG5_129036	PFI0930c	
OG5_129044	PF07_0095	
OG5_129045	PF13_0289	
OG5_129047	PFL1140w	
OG5_129050	PF10_0252	
OG5_129067	PF11_0409	
OG5_129068	MAL13P1.186	
OG5_129069	PF11_0170	
OG5_129070	PF14_0411	
OG5_129083	MAL7P1.38	666,667
OG5_129088	PFI0365w	
OG5_129091	PF10_0219	28
OG5_129094	PF14_0711	
OG5_129096	PF13_0279	
OG5_129101	PFI1180w	15,16
OG5_129107	PFA0475c	
OG5_129124	PF07_0109a	
OG5_129128	PFI1705w	
OG5_129131	PFF0905w	
OG5_129136	PF11_0057	
OG5_129139	PFF0740c	
OG5_129140	PFE0930w	8,204,205,1375
OG5_129157	PF14_0223	
OG5_129159	PFI0610w	
OG5_129161	PF13_0318	
OG5_129167	MAL7P1.76	
OG5_129173	PF14_0288	
OG5_129180	PFE0135w	
OG5_129183	PFD0865c	621
OG5_129184	PF14_0365	
OG5_129185	PF13_0358	
OG5_129186	PFA0190c	
OG5_129196	MAL8P1.43	
OG5_129198	PF10_0137	
OG5_129200	MAL13P1.139	
OG5_129206	PFD0480w	
OG5_129228	PF14_0580	
OG5_129237	PFD0880w	
OG5_129238	PF14_0566	
OG5_129239	PF14_0317	
OG5_129241	PFE1445c	
OG5_129249	PFE1370w	
OG5_129252	PF14_0269	
OG5_129260	PF11_0169	
OG5_129273	PF08_0074	
OG5_129276	PFC0595c	
OG5_129277	PFF1285w	
OG5_129285	PF13_0122	
OG5_129297	PF14_0791	
OG5_129313	PFD0700c	
OG5_129316	PF11_0217	265
OG5_129318	PF10_0104	
OG5_129322	PFF1200w	303
OG5_129325	PF10_0091	2,3
OG5_129326	PFA0315w	
OG5_129330	PF14_0714	
OG5_129346	PF10_0179	
OG5_129355	PFI0815c	
OG5_129362	PF14_0571	
OG5_129363	PF10_0326	
OG5_129375	PFF0505c	
OG5_129380	PF10_0271	
OG5_129382	PF14_0062	
OG5_129386	PFF0915w	
OG5_129391	MAL8P1.71	468
OG5_129395	PFE0415w	
OG5_129398	PF13_0273	1042,1043,1044,1161
OG5_129418	PFL0230w	
OG5_129437	PF14_0513	257,258,259
OG5_129442	PF14_0294	
OG5_129446	PFL1370w	
OG5_129447	PFF0695w	
OG5_129450	PFI0315c	
OG5_129457	PF14_0028	7,606,607,608
OG5_129462	PF08_0124	173,856,857
OG5_129466	PF08_0110	
OG5_129467	PF13_0176	
OG5_129472	PFF0465c	
OG5_129481	PF11_0397	
OG5_129487	PFE0900w	
OG5_129496	PF14_0057	
OG5_129509	PFB0505c	
OG5_129512	PFL1810w	
OG5_129533	PF14_0679	684
OG5_129547	PF14_0274	
OG5_129554	PFL0760w	
OG5_129558	MAL13P1.54	
OG5_129560	PF07_0030	301,798,799,800,801,802
OG5_129563	PFE0935c	
OG5_129568	PFL1120c	1097,1098
OG5_129574	MAL13P1.232	
OG5_129602	MAL8P1.145	
OG5_129603	MAL13P1.53	
OG5_129610	PFL0980w	103,104,195
OG5_129611	MAL8P1.77	
OG5_129618	PF07_0123	
OG5_129622	PFL1560c	68
OG5_129627	PFI0880c	
OG5_129635	PFD0785c	
OG5_129659	PF11_0253	
OG5_129676	PFL1770c	
OG5_129681	PF14_0542	
OG5_129682	PF14_0490	
OG5_129688	PFE1390w	
OG5_129701	MAL13P1.204	
OG5_129704	PFE1080w	
OG5_129705	MAL8P1.12	
OG5_129724	PFF1000w	
OG5_129731	PF14_0546	6
OG5_129737	PFL1040w	
OG5_129741	PFF0580w	
OG5_129753	PFL0450c	162,163,164,165
OG5_129761	PF14_0321	
OG5_129767	PFL1420w	
OG5_129782	PFL0160w	
OG5_129790	MAL8P1.46	
OG5_129798	PF11_0439	
OG5_129802	MAL13P1.245	52
OG5_129805	PFB0535w	
OG5_129806	PF07_0098	
OG5_129808	PF11_0098	
OG5_129811	PF11_0115	48
OG5_129816	PFF0375c	
OG5_129822	PF14_0329	
OG5_129825	PF07_0026	
OG5_129844	PF11_0188	
OG5_129847	PFC0510w	
OG5_129865	MAL7P1.75	
OG5_129882	PF14_0273	2934,2935
OG5_129887	PFL1595w	
OG5_129889	PFE1530c	31
OG5_129900	PFE0910w	
OG5_129935	PFD0920w	
OG5_129939	PFC0850c	
OG5_129950	PFB0620w	
OG5_129956	PF11_0088	
OG5_129958	MAL7P1.209	411,412
OG5_129971	PFI0355c	
OG5_129983	PFF0835w	
OG5_130008	PF13_0250	
OG5_130018	PF14_0634	121,123
OG5_130020	PFL0255c	
OG5_130026	PFL0565w	62,63
OG5_130035	PFL1440c	
OG5_130052	PFI1080w	7,8,9,801,802
OG5_130058	MAL7P1.20	
OG5_130065	PF14_0133	
OG5_130092	PFL1360c	
OG5_130096	PFL1715w	
OG5_130105	PF11_0197	
OG5_130109	PF13_0060	220
OG5_130116	PF14_0243a	
OG5_130121	PF14_0489	1068
OG5_130122	PF13_0331	75,76
OG5_130129	PF14_0697	
OG5_130143	PF14_0639	
OG5_130145	PF14_0246	171
OG5_130150	PF07_0055	
OG5_130151	MAL13P1.331	
OG5_130154	PFI0825w	154
OG5_130170	PFC0825c	
OG5_130177	PF13_0037	
OG5_130212	PFF0305c	
OG5_130216	PF14_0070	373,488,489,490,491,492,493,539,540,541
OG5_130217	PFL1295w	
OG5_130233	PF11_0318	
OG5_130250	PF14_0151	
OG5_130251	PFB0520w	908,909,1276,1277,1278
OG5_130276	PF10_0221	
OG5_130284	PF08_0132	
OG5_130299	PFD0350w	
OG5_130310	PFI1450c	
OG5_130312	PFI1165c	
OG5_130319	PF11_0468	
OG5_130322	PFA0495c	
OG5_130328	PFE0700c	
OG5_130342	MAL7P1.93	
OG5_130345	MAL13P1.191	21,138
OG5_130346	PFB0196c	
OG5_130347	PF10_0371	307
OG5_130358	PF14_0157	34,35,36,37
OG5_130359	PF14_0032	
OG5_130367	PF13_0128	
OG5_130370	PFI0375w	
OG5_130373	PFA0225w	
OG5_130377	PFL0620c	
OG5_130399	PFD0525w	
OG5_130409	PF11_0252	951
OG5_130416	PFI1470c	391
OG5_130425	PFL2440w	557,558,559,560,561,950,951
OG5_130428	PFB0365w	819,820,821,823,824,825,828
OG5_130443	PFF0350w	
OG5_130445	PF13_0217	
OG5_130447	PF11_0116	
OG5_130456	PF11_0464a	
OG5_130460	PF13_0040	
OG5_130462	PF14_0641	
OG5_130466	PFF0730c	
OG5_130467	PFF0650w	
OG5_130468	PFL1465c	
OG5_130478	MAL13P1.255	
OG5_130486	PFD0669c	
OG5_130491	PFD1090c	
OG5_130495	PFA0375c	
OG5_130511	PF13_0208	2
OG5_130516	PFE0660c	
OG5_130534	PFA0575c	
OG5_130542	MAL13P1.56	
OG5_130566	MAL8P1.38	200,201
OG5_130573	PFF0515c	
OG5_130583	PFF1415c	
OG5_130592	PFD0660w	
OG5_130601	PF11_0189	
OG5_130604	PFF1485w	
OG5_130616	PFB0420w	
OG5_130622	PFF1075w	27
OG5_130626	PFI0200c	920,921,922,923,924,925,926
OG5_130628	PFE0540w	
OG5_130655	PF11_0467	134,135,539,540,541
OG5_130658	PFE1035c	
OG5_130659	PFB0725c	
OG5_130687	PF11_0089	
OG5_130698	PF14_0650	
OG5_130709	PFE0145w	213,214,215
OG5_130726	PF14_0725	
OG5_130745	PFC0410w	
OG5_130756	PF14_0026	
OG5_130764	PFC0260w	
OG5_130776	PF10_0071	
OG5_130786	MAL7P1.158	
OG5_130790	PFL1755w	
OG5_130791	PF14_0658	
OG5_130799	PFD0285c	
OG5_130816	PFD0190w	493,494,495
OG5_130828	PFI1535w	
OG5_130830	PFI0920c	
OG5_130837	PF10_0267	
OG5_130863	PF10_0188	662,663,664,665,666
OG5_130878	PFL1845c	
OG5_130881	PF14_0384	69,70
OG5_130883	PFB0295w	
OG5_130884	PFD0980w	
OG5_130885	PFE0150c	
OG5_130908	PF14_0305	
OG5_130909	PFL2100w	
OG5_130916	PFC0635c	
OG5_130919	PFE1085w	
OG5_130937	PFC0886w	97
OG5_130954	PF14_0660	
OG5_130956	MAL7P1.164	
OG5_130969	PFL1455w	906,907
OG5_130975	PFE0750c	
OG5_130977	PF10_0370	
OG5_130982	PF11_0202	
OG5_131022	PFA0415c	
OG5_131029	PFE0425w	
OG5_131114	PFI0755c	
OG5_131119	PF10_0132	151
OG5_131121	PFB0275w	
OG5_131181	PF11_0114a	
OG5_131194	PFI0370c	
OG5_131254	MAL8P1.108	
OG5_131264	PFI1100w	
OG5_131273	PFD0670c	
OG5_131281	PFF0890c	316
OG5_131282	MAL8P1.135	
OG5_131371	PFD0405c	127,128,129
OG5_131379	PF11_0443	69
OG5_131387	PF10_0092	
OG5_131400	PFI1325w	
OG5_131401	PFI0660c	
OG5_131402	PF11_0199	64
OG5_131430	PFE0675c	
OG5_131432	PF14_0395	
OG5_131493	PF10_0046	
OG5_131529	PF14_0464	
OG5_131537	PFI0605c	
OG5_131588	PFI0445c	
OG5_131604	PF14_0357	
OG5_131645	PF14_0560	
OG5_131654	MAL13P1.95	
OG5_131688	PF10_0222	
OG5_131701	MAL13P1.248	
OG5_131748	PF10_0070	
OG5_131785	PFB0826c	
OG5_131786	MAL13P1.40	
OG5_131837	MAL13P1.113	
OG5_131883	PF13_0159	
OG5_131887	PF11_0242	
OG5_131912	MAL8P1.103	
OG5_131957	MAL7P1.129	52
OG5_132015	PFI0785c	
OG5_132022	PFB0180w	
OG5_132039	PF13_0133	
OG5_132093	PFI0350c	
OG5_132104	PF13_0272	
OG5_132157	MAL13P1.189	
OG5_132161	PFI1480w	
OG5_132171	PFI1635w	
OG5_132298	PF11_0044	
OG5_132317	MAL8P1.96	
OG5_132354	PFI0310w	
OG5_132460	PF08_0115	
OG5_132465	PF11_0530	
OG5_132466	PFE0895c	
OG5_132721	PF14_0651	
OG5_132738	PF13_0028	
OG5_132740	MAL8P1.110	55,56
OG5_132764	PF14_0630	
OG5_132812	PFI1295c	303,304,305,306
OG5_132955	PF14_0447	
OG5_133023	PF14_0390	55,56,57,58,59,60
OG5_133088	MAL13P1.302	
OG5_133090	PFF0645c	
OG5_133150	PFL1225c	
OG5_133154	MAL7P1.27	
OG5_133162	MAL13P1.85	
OG5_133183	PFF1115w	
OG5_133188	PF11_0395	
OG5_133245	PFC1040w	
OG5_133322	PFE0640w	
OG5_133333	PF13_0175	
OG5_133344	PF10_0040	
OG5_133351	PFI0705w	
OG5_133357	PFI0400c	293
OG5_133358	PFL2145w	118,150,151,152,153,181,204,206
OG5_133365	PFE0875c	
OG5_133395	PFI1135c	
OG5_133443	PFC0475c	102,103,104,105,906,907,908,909,910,911
OG5_133624	MAL13P1.163-a	
OG5_133657	PF14_0063	357,358,1274,1275,1276
OG5_133717	PFB0870w	
OG5_133806	PF11_0059	
OG5_133897	PFF0275c	
OG5_134021	MAL13P1.115	
OG5_134116	PF08_0068	
OG5_134228	MAL13P1.275	
OG5_134232	PF14_0088	
OG5_134283	PFD0755c	
OG5_134284	PFF0105w	
OG5_134377	PF14_0224	
OG5_134455	PF14_0361	
OG5_134563	PFL0095c	
OG5_134579	PFI0195c	
OG5_134635	PFF1210w	
OG5_134674	PF13_0238	
OG5_134918	PFE1130w	
OG5_134946	PF14_0138	
OG5_134960	PF10_0407	
OG5_135032	PF14_0067	
OG5_135108	PFE0825w	
OG5_135175	PFL1545c	
OG5_135176	PFB0177c	
OG5_135185	PFB0585w	241
OG5_135236	MAL7P1.156	
OG5_135283	MAL13P1.63	882
OG5_135307	PF08_0066	
OG5_135409	PFE1235c	
OG5_135464	MAL13P1.111	
OG5_135486	PFD0740w	
OG5_135569	PF11_0099	7,8
OG5_135576	PF14_0496	
OG5_135612	PFC0270w	279,280
OG5_135638	PFL0655w	
OG5_135654	PF14_0266	
OG5_135658	PFB0257c	20
OG5_135731	PFE0340c	
OG5_135732	PFI1160w	
OG5_135733	PFI0230c	
OG5_135771	PF13_0260	
OG5_135777	PF10_0328	
OG5_135834	PF14_0382	80
OG5_136021	MAL8P1.146	
OG5_136055	PF10_0300	
OG5_136181	MAL7P1.13	
OG5_136182	MAL13P1.405	
OG5_136225	PF14_0569	
OG5_136226	PF11_0487	
OG5_136245	PFA0230c	
OG5_136259	MAL8P1.53	
OG5_136264	PF11_0134	
OG5_136346	MAL13P1.347	
OG5_136347	PFI0970c	
OG5_136403	PFC0185w	
OG5_136768	PF11_0287	
OG5_136796	PF14_0523	
OG5_136837	PF11_0227	
OG5_136898	PFL1315w	267,688
OG5_137034	PF11_0230	425
OG5_137211	PFD1037w	
OG5_137217	PF07_0070	
OG5_137233	PFI0695c	
OG5_137245	PFI1050c	
OG5_137246	PFE0420c	
OG5_137339	PFB0410c	
OG5_137359	PF14_0392	
OG5_137531	PF14_0111	
OG5_137532	PF13_0100	
OG5_137697	PF14_0694	
OG5_137714	PF14_0193	16,17,18
OG5_137829	PF14_0681	
OG5_137832	PFE1490c	
OG5_137859	MAL8P1.134	710,1237,1696
OG5_137871	PFL1350w	
OG5_137899	PFD0710w	311,312
OG5_137912	PF11_0092	
OG5_137922	PFL2335w	1064,1540,1747,1748,1756,1757,1758,1759
OG5_138034	PF11_0147	
OG5_138079	MAL13P1.234	
OG5_138101	PFF1085c	
OG5_138116	PF07_0017	
OG5_138354	PF07_0066	148,149
OG5_138355	PF13_0147	97,98,187,188,189
OG5_138369	PFE0370c	
OG5_138379	PFL2365w	
OG5_138427	PFC0640w	2083
OG5_138480	PF13_0185	
OG5_138484	MAL7P1.30	494,495,496,497,532,533,776,777,1053,1054,1318
OG5_138541	PF13_0241	
OG5_138617	PF14_0453	
OG5_138648	PFE0690c	174,175,176
OG5_138696	PFI0345w	
OG5_138706	PFL0275w	
OG5_138778	PFL1270w	
OG5_138804	PFL0720w	
OG5_138805	PF08_0043	16
OG5_138807	PF14_0443	
OG5_138808	PFL1160c	
OG5_138809	PF14_0574	
OG5_139037	PFB0435c	
OG5_139161	MAL13P1.260	
OG5_139182	PF14_0539	
OG5_139187	PFE1545c	
OG5_139194	MAL8P1.91	
OG5_139201	PFD0595w	
OG5_139206	PFF1110c	186
OG5_139221	PF14_0608	219,306,307
OG5_139232	PF14_0369	
OG5_139289	MAL13P1.196	
OG5_139311	PF11_0055	
OG5_139383	PFI0720w	
OG5_139388	PFL0635c	321,1093
OG5_139433	PFL0615w	
OG5_139441	PFF0815w	
OG5_139451	PFD0275w	
OG5_139477	MAL8P1.65	57,58,59,60,61,62
OG5_139492	PFL1115w	
OG5_139520	PF13_0020	
OG5_139549	PFL1885c	
OG5_139563	PF10_0276	
OG5_139591	PF13_0173	1,2
OG5_139596	PFF1365c	1337
OG5_139602	PF14_0593	150,152
OG5_139603	PFF0960c	
OG5_139604	PFL1580w	
OG5_139605	PFC0581w	193
OG5_139606	PF14_0723	
OG5_139967	PFD0530c	
OG5_139975	PF13_0219	
OG5_139980	PFD0250c	
OG5_139999	PF08_0128	562
OG5_140010	PFL2125c	427,428,429,430
OG5_140011	PFI1425w	
OG5_140027	PFF0825c	
OG5_140032	PFL0730w	
OG5_140039	PF14_0610	
OG5_140056	PFE0405c	
OG5_140063	MAL13P1.205	
OG5_140089	PF13_0190	200
OG5_140107	MAL8P1.150	1306,1307,1308
OG5_140109	PF11_0122	
OG5_140116	MAL13P1.88	258,297,638,639,640,641,642,643,644
OG5_140117	PFC0515c	
OG5_140126	PFL1285c	
OG5_140130	PF11_0171	
OG5_140270	PF13_0303	
OG5_140345	MAL13P1.153	133,134,135,136,137
OG5_140372	PF11_0160	
OG5_140432	PF11_0413	
OG5_140457	PF10_0072	
OG5_140481	PFF0355c	
OG5_140504	PFL0280c	
OG5_140509	PFF0880c	
OG5_140536	PF08_0010	
OG5_140538	PFE0955w	
OG5_140539	PFE0890c	
OG5_140540	PFF0185c	
OG5_140542	MAL13P1.130	
OG5_140543	PFB0770c	
OG5_140544	PF10_0177a	
OG5_140617	PF14_0775	
OG5_140620	PF14_0279	
OG5_140860	MAL13P1.64	
OG5_141009	PF10_0141	
OG5_141018	PF10_0115	365
OG5_141098	PFL1875w	169,170
OG5_141109	PFF0765c	
OG5_141138	PF14_0137	
OG5_141151	PFL0505c	
OG5_141155	PF10_0120	
OG5_141156	PF14_0126	
OG5_141163	PFL1275c	
OG5_141175	PF14_0196	
OG5_141200	PFD0360w	
OG5_141204	PF14_0173	
OG5_141223	PF11_0124	
OG5_141228	PFC1050w	212,213,214,215,247
OG5_141231	PF14_0652	
OG5_141266	PF14_0530	39,40,41
OG5_141276	PFF1360w	
OG5_141312	PFE0155w	561
OG5_141329	PFD0207c	176,178,179
OG5_141346	PFI0790w	
OG5_141393	MAL13P1.242	196,197,198,199,200
OG5_141424	MAL13P1.290	
OG5_141425	PFC0720w	
OG5_141466	PF08_0032	
OG5_141470	PF11_0190	
OG5_141486	PFL2510w	
OG5_141514	PF08_0070	
OG5_141533	PF14_0311	
OG5_141542	PFE0400w	
OG5_141545	PFF0410w	
OG5_141554	PFL2110c	639,1456,1458,1643,1644,1645,1646
OG5_141599	PF14_0427	
OG5_141603	PF14_0649	2772
OG5_141625	MAL13P1.79	
OG5_141655	PF14_0260	
OG5_141671	PF14_0383	
OG5_141680	PFC0160w	
OG5_141727	PFL0420w	
OG5_141728	PFI0845w	
OG5_141730	PF07_0127	
OG5_141731	MAL13P1.308	
OG5_141732	PF10_0107	
OG5_141733	PFL0260c	
OG5_141734	PF13_0263	
OG5_141735	PFI0935w	
OG5_141736	PF14_0450	
OG5_141737	PF14_0160	
OG5_141738	PF14_0607	
OG5_141740	PFE0785c	
OG5_141741	PFI0635c	
OG5_141742	PF14_0532	
OG5_141743	PFD0380c	
OG5_141744	MAL13P1.241	
OG5_141745	PFI1455c	
OG5_141746	PFI1565w	
OG5_141747	PF10_0177b	
OG5_141749	PF11_0047	
OG5_141750	PF07_0096	
OG5_141751	PFB0475c	
OG5_141752	MAL7P1.125	
OG5_141753	PF11_0114	
OG5_141754	PF11_0158	
OG5_141755	PFD1110w	
OG5_141756	PF11_0379	
OG5_141757	PFL2225w	
OG5_141759	PFI0990c	
OG5_141760	PFI0235w	
OG5_141761	PFF1185w	1785,1786,1820,1821
OG5_141762	MAL13P1.321	142
OG5_142143	PF14_0235	
OG5_142437	PFC0840w	
OG5_142443	PFE1320w	553,646,1278,1279,1280,1281
OG5_142451	PFL1605w	
OG5_142461	PFL0290w	889,890,1338,1339,1340,1341,1634,1635,2914,2917
OG5_142490	PFE0275w	73
OG5_142516	PF13_0281	
OG5_142552	PFF0260w	
OG5_142570	PFI1355w	
OG5_142591	MAL7P1.99	
OG5_142642	PF13_0120	
OG5_142653	PF14_0227	53,54,55,56
OG5_142666	MAL13P1.319	
OG5_142685	PF14_0267	
OG5_142839	PFB0194w	268,269,270,271
OG5_142850	PFL1585c	
OG5_142857	PF13_0258	
OG5_142870	PF14_0495	
OG5_142922	PF13_0359	
OG5_142935	PF13_0024	615,616,617
OG5_142960	PFE0470w	
OG5_142963	PF14_0512	
OG5_142982	MAL13P1.188	
OG5_143013	MAL13P1.277	
OG5_143032	PF07_0052	
OG5_143072	PFF0205w	
OG5_143115	PFD0720w	
OG5_143145	MAL13P1.150	
OG5_143151	PFI0385c	
OG5_143196	PF11_0394	
OG5_143198	PFF0735w	
OG5_143199	PFF0840w	
OG5_143201	PF10_0287	
OG5_143204	MAL13P1.360	
OG5_143205	PF14_0691	
OG5_143206	PF10_0295	
OG5_143209	PFD0910w	
OG5_143212	MAL7P1.88	218
OG5_143213	PFF0095c	
OG5_143214	PFL0895c	
OG5_143215	PFE0650c	
OG5_143217	PFI0205w	
OG5_143220	PFE1410c	
OG5_143221	PF10_0139	
OG5_143222	PF11_0060	250
OG5_143223	PF11_0069	
OG5_143224	PF13_0079	
OG5_143225	PF10_0312	
OG5_143226	PF14_0069	
OG5_143227	PF14_0065	
OG5_143228	PF14_0092	
OG5_143229	MAL13P1.81	
OG5_143230	PFA0295c	901,902,903
OG5_143329	PFF1020c	
OG5_143354	PF10_0250	311,5017
OG5_143356	PF13_0166	
OG5_143364	PF14_0783	
OG5_143965	PF10_0070a	
OG5_144050	PF13_0059	
OG5_144058	PF10_0216	
OG5_144062	PFL2390c	120,121,1491
OG5_144080	MAL13P1.288	
OG5_144096	PF11_0218	
OG5_144120	PFL1030w	
OG5_144125	PF10_0135	40
OG5_144136	PFF0495w	
OG5_144162	PF13_0201	
OG5_144177	PF13_0355	
OG5_144186	PFF0270c	462,463,464,465,466
OG5_144193	MAL13P1.230	
OG5_144201	PFD0795w	1389
OG5_144235	PF11_0243	
OG5_144253	PF14_0208	
OG5_144279	PFF1120c	
OG5_144306	PFF1045w	1628
OG5_144310	PF14_0647	218,575,576,577
OG5_144342	PF14_0470	174,175,1017,1018
OG5_144348	MAL7P1.86	
OG5_144357	PF10_0363	
OG5_144390	PF14_0528	
OG5_144402	PFL1895w	
OG5_144441	MAL8P1.78	
OG5_144475	MAL13P1.328	
OG5_144501	PFI0810c	
OG5_144531	PF14_0350	
OG5_144682	PF08_0084	
OG5_144691	PFL1835w	30,31,268
OG5_144692	PF11_0560	
OG5_144711	PF11_0146	
OG5_144714	PFL1745c	
OG5_144715	MAL8P1.28	
OG5_144716	PF14_0626	
OG5_144736	PFL0623c-a	7
OG5_144757	PF14_0419	2313,6858
OG5_144797	PF11_0168a	
OG5_144803	PFF1280w	534,535
OG5_144867	PFC0740c	
OG5_144878	PF14_0430	
OG5_144882	PFL2355w	
OG5_144948	MAL8P1.62	
OG5_144951	PF14_0417	
OG5_145032	PF07_0014	
OG5_145093	MAL13P1.297	
OG5_145094	PF14_0465	
OG5_145096	PFE0385w	
OG5_145097	PFE0510c	
OG5_145098	PF14_0472	44
OG5_145099	MAL8P1.25	
OG5_145100	PF08_0024	
OG5_145101	MAL7P1.124	
OG5_145102	MAL13P1.94	
OG5_145103	PF08_0029	176,178
OG5_145105	PFL1340c	
OG5_145107	PFC0262c	
OG5_145108	PF07_0094	
OG5_145110	PF07_0077	
OG5_145111	PFI0295c	
OG5_145112	PFD0325w	
OG5_145113	PFL0410w	
OG5_145114	PFL0385c	
OG5_145115	PF10_0154	
OG5_145116	PFD0705c	
OG5_145117	MAL8P1.50	
OG5_145118	PF10_0329	
OG5_145119	PF10_0324	
OG5_145120	PF11_0535	
OG5_145121	PF14_0195	
OG5_145122	PFE0645w	
OG5_145123	PF11_0262	
OG5_145124	PF14_0185	1076,1077,1078,1110,1111,1159,1160
OG5_145125	PFE1395c	
OG5_145126	PF11_0054	
OG5_145128	PFI1365w	
OG5_145156	PF14_0614	
OG5_145219	PFI1025w	7,8
OG5_145286	PFD0230c	
OG5_145288	PF11_0416	1320,1321,1811
OG5_145292	MAL8P1.203	
OG5_145294	PFB0605w	
OG5_145749	PF14_0420	190
OG5_146129	PFE0190c	
OG5_146219	MAL8P1.92	145,146,147,148
OG5_146249	PF08_0037	
OG5_146254	MAL8P1.33	
OG5_146276	PF11_0481	2266,3256,3257,3258
OG5_146288	PF14_0724	
OG5_146307	PF13_0336	
OG5_146323	PFE1285w	
OG5_146327	PF13_0188	
OG5_146335	PFL1330c	
OG5_146347	PFI1155w	
OG5_146350	PF14_0031a	225
OG5_146372	PFE0330w	492
OG5_146376	PFD0872w	
OG5_146425	PFD1095w	
OG5_146435	PF14_0171	
OG5_146494	PFE1560c	
OG5_146508	PF13_0252	
OG5_146522	PFA0195w	
OG5_146539	PF11_0316	
OG5_146553	PFI0590c	
OG5_146556	PF11_0419	
OG5_146568	PFA0290w	
OG5_146579	PF13_0151	
OG5_146580	MAL13P1.75	
OG5_146589	MAL7P1.83	601,604
OG5_146625	PF11_0239	30,1346
OG5_146632	PFE0815w	
OG5_146638	PFL0350c	1739
OG5_146648	PF14_0557	
OG5_146654	PF14_0622	1418,1419
OG5_146660	MAL7P1.12	
OG5_146727	MAL8P1.40	
OG5_146772	MAL13P1.87	
OG5_146787	PF11_0310	
OG5_146792	PFE0500c	
OG5_146800	PFA0355w	
OG5_146821	PF10_0314	
OG5_146824	PFL0575w	1540,1541,1686,3582
OG5_146858	PFE0670w	
OG5_146868	PFF1040w	
OG5_146901	PF13_0182	
OG5_146906	PF10_0124	1107,1108,1109,1110
OG5_146909	PFD0970c	
OG5_146920	PF14_0488	
OG5_146934	PF14_0665	204
OG5_146960	PFI0425w	
OG5_146983	PF14_0322	172
OG5_146989	PF08_0007	
OG5_146993	PF14_0289	
OG5_147009	PF11_0084	
OG5_147077	PF11_0343	
OG5_147085	PF11_0244	
OG5_147096	PF11_0433	466,467,468,469,1538
OG5_147112	PFE1040c	
OG5_147114	PFB0501c	
OG5_147127	PF10_0105	
OG5_147139	PFF1125c	
OG5_147252	PFC0556c	
OG5_147285	PFI0945w	
OG5_147292	MAL8P1.380	
OG5_147312	PFI0655c	
OG5_147324	PFF1405c	
OG5_147368	PFL0570c	
OG5_147370	PF14_0695	
OG5_147391	PFL0690c	
OG5_147394	PF11_0458	
OG5_147395	PF10_0358	214,215
OG5_147396	PFF1160w	
OG5_147397	PF10_0291	
OG5_147399	PF10_0029	
OG5_147400	MAL13P1.21	180,181
OG5_147401	PFI1330c	
OG5_147402	PFL1050w	
OG5_147403	PFD0145c	
OG5_147404	PF13_0069	
OG5_147405	PFF0980w	
OG5_147406	PFL0735w	
OG5_147407	MAL13P1.20	
OG5_147408	PFI1045w	64
OG5_147409	PF13_0327	
OG5_147410	PFI1660w	
OG5_147411	PFL0680c	
OG5_147412	PFL0710w	
OG5_147413	PFB0460c	710,980,981,982,2233,2234
OG5_147414	PF10_0236	
OG5_147415	PF10_0240	
OG5_147416	PF10_0241	
OG5_147417	PFL0120c	
OG5_147418	PFL1630c	
OG5_147419	PF14_0633	
OG5_147420	PF14_0619	
OG5_147421	MAL7P1.117	
OG5_147422	PF10_0321	
OG5_147423	PF07_0032	165
OG5_147424	PFC0130c	
OG5_147425	PF13_0317	
OG5_147426	PFE1450c	
OG5_147427	MAL13P1.102	
OG5_147428	PFL1090w	
OG5_147429	MAL13P1.103	15
OG5_147430	PFL1195w	
OG5_147431	PFL1210w	
OG5_147432	PF14_0177b	
OG5_147433	PFI0770c	
OG5_147434	PF13_0154	
OG5_147437	PF14_0519	229,230,231
OG5_147438	PFE0265c	
OG5_147439	PFA0425c	115
OG5_147440	PFE0600c	84
OG5_147441	PFL0640w	
OG5_147442	PFA0235w	
OG5_147443	PF07_0081	465,495,496,497,498,499
OG5_147445	PF11_0153	
OG5_147446	MAL13P1.128	
OG5_147447	PF10_0052	
OG5_147448	PF11_0261	
OG5_147449	PF10_0118	165,166
OG5_147451	PFB0250w	
OG5_147452	PF11_0344	
OG5_147454	PF08_0061	
OG5_147455	PFF0555w	
OG5_147456	PFC0280c	
OG5_147457	PFL2045w	408
OG5_147458	PF11_0440	
OG5_147459	PF07_0119	
OG5_147460	PF08_0092	
OG5_147462	PFE1230c	
OG5_147463	PFC0500w	
OG5_147464	PFE1165c	
OG5_147466	PFE1075c	
OG5_147467	PFE0130c	
OG5_147468	PF11_0482	871,1497
OG5_147469	PF10_0204	
OG5_147470	PFC0755c	
OG5_147471	PFF0910c	
OG5_147472	PFA0370w	
OG5_147473	PF11_0423	
OG5_147474	PFF1010c	
OG5_147475	PF08_0111	593,594,595,596,597,598,599
OG5_147476	PF10_0301	
OG5_147477	PFL1280w	
OG5_147478	PF14_0575	
OG5_147479	PF13_0054	31,32
OG5_147480	PFD0335c	
OG5_147481	PFE1045c	
OG5_147482	PF11_0429	131,132,133
OG5_147483	PFC0486c	
OG5_147539	PFI1410c	
OG5_147580	PF14_0476	
OG5_147629	MAL13P1.84	
OG5_147630	PFL0975w	263
OG5_147631	PF10_0297	
OG5_147633	PFD0915w	
OG5_147636	PFB0845w	
OG5_147637	PF13_0162	
OG5_147638	PF11_0464	
OG5_147639	PFF1035w	
OG5_147656	PF14_0682	
OG5_147707	PF14_0402	
OG5_148040	PFI1085w	591,592,593
OG5_148087	PFI1595c	
OG5_149154	PF14_0567	
OG5_149274	PF13_0297	415,416,417
OG5_149277	PF13_0339	
OG5_149282	PF08_0013	
OG5_149299	PF13_0068	78,79,81
OG5_149308	PF14_0301	
OG5_149334	PF10_0310	33,34,35,842,843,903,904,905
OG5_149434	PF13_0137	
OG5_149451	PFL0445w	
OG5_149469	PF14_0061	
OG5_149472	PF14_0300	
OG5_149498	MAL7P1.111	
OG5_149511	PF11_0381	
OG5_149517	PFF1305w	
OG5_149542	PF11_0167	
OG5_149560	PFI0650c	
OG5_149584	PF13_0146	
OG5_149592	PFF0550w	
OG5_149624	MAL13P1.327	
OG5_149657	PF10_0198	
OG5_149675	MAL13P1.51	
OG5_149676	PF11_0382	
OG5_149875	PFE1510c	
OG5_149936	PFF1425w	
OG5_149953	PFC0325c	215,217,1509
OG5_150004	PF11_0400	1115,1116,1117,1118,1119,1120
OG5_150008	PFL1220w	
OG5_150021	PF08_0078	750,751
OG5_150031	PF11_0083	308
OG5_150034	MAL7P1.204	154,155,156
OG5_150041	PF13_0226	
OG5_150042	PF14_0446	
OG5_150068	MAL7P1.91	
OG5_150071	PF10_0045	1485,1486,1487,2114
OG5_150088	PF10_0047	
OG5_150090	PFC0430w	
OG5_150093	MAL7P1.66	
OG5_150124	PF10_0167	
OG5_150137	PFC0675c	
OG5_150157	PF14_0054	
OG5_150164	PFF0300w	
OG5_150172	PF13_0254	1964
OG5_150175	MAL8P1.18	135,187,493,494
OG5_150177	PF14_0423	447,448
OG5_150183	PF14_0410	
OG5_150309	PFE1460w	
OG5_150370	PF11_0459	
OG5_150395	PF11_0248	
OG5_150452	PF14_0642	
OG5_150490	MAL13P1.42	153,154,155,156,157
OG5_150506	PFL1880w	
OG5_150514	PFF0200c	
OG5_150518	PFI1665w	
OG5_150520	PF11_0300	
OG5_150521	PFL2330w	
OG5_150522	PF14_0375	
OG5_150523	PF10_0061	
OG5_150524	PF10_0060	
OG5_150526	PF10_0282	
OG5_150527	MAL13P1.43	
OG5_150528	PFA0270c	
OG5_150529	MAL13P1.74	
OG5_150530	PFI1065c	85,86,87,88,89,90,91,92,291,292,293,294
OG5_150532	MAL7P1.126	1273
OG5_150533	PFL0692c	241
OG5_150534	PF13_0329	
OG5_150535	PFL1985c	
OG5_150536	PF14_0451	
OG5_150537	PFB0720c	778
OG5_150538	PF11_0175a	
OG5_150539	PFE0140c	
OG5_150540	PF11_0247	
OG5_150542	PF14_0629	
OG5_150543	PF14_0617	
OG5_150544	MAL13P1.78	
OG5_150545	PF07_0106	
OG5_150546	PF14_0535	180,181
OG5_150547	PF14_0540	
OG5_150548	PF14_0707	
OG5_150550	PFD0805w	
OG5_150551	PFC0790w	99
OG5_150553	PFE1435c	27,71
OG5_150554	PFI1460c	
OG5_150555	PF13_0246	
OG5_150556	PFB0600c	
OG5_150557	PFF0255c	
OG5_150558	PFL0225c	
OG5_150559	PF13_0215	280,281,282
OG5_150560	PFI0285w	636,637
OG5_150562	PF13_0290	640
OG5_150563	MAL13P1.129	
OG5_150565	PFC0911c	
OG5_150566	PF10_0051	6,7
OG5_150567	MAL7P1.64	
OG5_150568	PFC0370w	
OG5_150569	PFC0371w	
OG5_150570	MAL7P1.74	
OG5_150571	PFE0205w	
OG5_150573	PFE1480c	
OG5_150574	PF11_0196	
OG5_150575	PFB0680w	599
OG5_150576	PF10_0253b	
OG5_150578	PF07_0124	
OG5_150579	PF14_0325	
OG5_150580	PFL1430c	
OG5_150581	PF11_0383	
OG5_150584	PF11_0365	21,22,332
OG5_150585	PF08_0082	
OG5_150586	PF14_0625	
OG5_150587	PF13_0026	145,146,147,148,170,171,172
OG5_150588	PFE1190c	
OG5_150589	PF11_0163	
OG5_150591	PFC0095c	
OG5_150592	PF08_0089	
OG5_150593	PFA0440w	
OG5_150594	PFA0255c	
OG5_150595	PFC0555c	
OG5_150596	PFC0701w	188
OG5_150597	PF13_0078	1649,1650,1651
OG5_150598	MAL13P1.55	
OG5_150599	PF08_0112	172
OG5_150600	MAL8P1.100	
OG5_150601	PF14_0024	
OG5_150602	PF14_0340	
OG5_150603	PFF0750w	
OG5_150604	PFF1455c	
OG5_150605	PFI0145w	
OG5_150606	PF14_0673	
OG5_150607	PFL1255c	
OG5_150710	PF13_0018	
OG5_150752	PFB0510w	365,587,588,1242,1243,1244,1245,1360,1361
OG5_150760	PF14_0237	
OG5_150761	PF14_0021	151
OG5_150767	PFI0540w	
OG5_150770	PFL1905w	
OG5_150771	PF11_0126	
OG5_151225	PFC0315c	378,379,380,381
OG5_151232	PFI1395w	
OG5_151233	PFI1465w	
OG5_151243	PFL1130c	2529,2530
OG5_151312	MAL13P1.249	2009,2010,3243,3244,3245
OG5_151343	PF13_0085	
OG5_151381	PF11_0528	
OG5_151924	PF07_0076	
OG5_151925	PF10_0050	
OG5_151926	PFC0281w	
OG5_151927	PFI0595c	
OG5_151928	PFI1430w	
OG5_152077	PF11_0466	
OG5_152117	PFL1435c	
OG5_152144	PF14_0372	
OG5_152152	PFD0150w	24
OG5_152184	PF07_0099	
OG5_152220	MAL7P1.25	
OG5_152235	PF11_0276	263
OG5_152314	MAL8P1.8	
OG5_152364	PFC0960c	643,644,645,646,2036
OG5_152371	PFE1275c	
OG5_152374	MAL13P1.219	
OG5_152384	PFL0925w	970,973
OG5_152413	MAL13P1.390	910
OG5_152418	PFL2410w	195,1016,1017
OG5_152426	PF10_0089	
OG5_152440	PFL1990c	
OG5_152479	PFL1485w	
OG5_152488	PFA0325w	68,75,94,106,107,108,109,110,117,118,119,120,121,147
OG5_152489	PFC0605w	247,248
OG5_152508	MAL7P1.37	566
OG5_152534	PFC0875w	
OG5_152547	PF10_0313	
OG5_152563	MAL7P1.31	
OG5_152611	PFE0440w	
OG5_152614	PF14_0023	
OG5_152655	PFL0475w	
OG5_152759	PFL1230w	
OG5_152769	PFI0175w-b	
OG5_152790	PFF0125c	942,977
OG5_152816	PFD0165w	
OG5_152873	PF13_0158	
OG5_152960	MAL13P1.348	
OG5_152961	PF11_0334	22,23
OG5_152964	PF07_0024	60
OG5_152972	PF10_0361	
OG5_152974	MAL13P1.28	
OG5_152980	PF11_0342	1904
OG5_152986	PF14_0480	792
OG5_152990	PF14_0710	1954,1955,1956
OG5_153000	PFL2380c	
OG5_153013	PF11_0347	
OG5_153017	PFD0875c	317,318,319,320,1028,1029,1030,1031
OG5_153026	MAL8P1.29	2164
OG5_153039	PFC0435w	
OG5_153043	PF14_0342	89,90,91
OG5_153054	MAL13P1.166	
OG5_153060	MAL13P1.180	78,201,202,203,204,205
OG5_153070	MAL13P1.259	
OG5_153078	MAL13P1.225	
OG5_153109	PF08_0012	472,603,604,605,606,1816
OG5_153115	PFL1620w	604,3232,5185,5186,5187,5188,5189
OG5_153130	PFC0166w	
OG5_153134	PFL0415w	
OG5_153136	PF14_0433	
OG5_153137	PFD1045c	687,688,1011
OG5_153144	PF11_0356	72,73,1102,1103,1215,1216
OG5_153152	MAL13P1.203	
OG5_153212	PF10_0183	1191,1200,1201
OG5_153244	PF14_0239	
OG5_153274	PF14_0458	
OG5_153296	PF11_0349	
OG5_153321	PFC0610c	
OG5_153324	MAL13P1.262	229,230,231,453,454,455,456
OG5_153327	PF14_0414	
OG5_153341	PFF0780w	
OG5_153351	PFC0690c	
OG5_153362	PFD0675w	
OG5_153429	PF14_0440	
OG5_153509	PF10_0259	
OG5_153518	PF14_0060	
OG5_153528	PF10_0246	878,879
OG5_153529	PFL2260w	
OG5_153530	PFF1170w	
OG5_153531	PF11_0289	1343,1344,1345,1346,1347,1348
OG5_153532	PF14_0398	
OG5_153533	PF10_0074	
OG5_153534	MAL7P1.149	54,55,56,57,58,766,767
OG5_153536	PF08_0033	
OG5_153537	MAL13P1.226	364,365,814,815,816,1226,1227,1228,1617,1618,1619,1647
OG5_153538	MAL13P1.12	
OG5_153539	PFD0425w	
OG5_153540	PF07_0045	
OG5_153541	PF07_0041	
OG5_153542	MAL13P1.282	
OG5_153544	MAL7P1.77	
OG5_153545	MAL13P1.194	
OG5_153546	PF14_0149	
OG5_153547	PFI0470w	
OG5_153548	PFC0126c	
OG5_153549	MAL7P1.134	1746,1747,2018,2019,2020,2021,2028,2030,2288,2297
OG5_153550	PF14_0527	
OG5_153551	PF10_0035	
OG5_153552	PFL0915c	
OG5_153553	PF13_0015	
OG5_153554	PF10_0096	
OG5_153555	PFC0955w	733
OG5_153556	MAL13P1.318	
OG5_153557	MAL13P1.298	456
OG5_153558	MAL13P1.89	
OG5_153559	MAL13P1.100	
OG5_153560	PFB0190c	
OG5_153561	MAL13P1.261	
OG5_153562	PFB0590w	
OG5_153563	MAL13P1.237	
OG5_153564	PFI0855w	
OG5_153565	PFI0670w	693
OG5_153566	PF07_0093	
OG5_153567	PFC0980c	
OG5_153568	PF13_0086	
OG5_153570	PF11_0274	
OG5_153571	PF14_0105	
OG5_153572	PF13_0134	
OG5_153573	PF13_0058	
OG5_153574	PFL0375w	
OG5_153576	PF07_0063	
OG5_153577	PF11_0254	250,251,252
OG5_153579	PF10_0116	
OG5_153580	PF10_0080	
OG5_153581	PFE0490w	493
OG5_153582	PF14_0051	909,910
OG5_153583	PFA0250w	
OG5_153584	MAL13P1.311	
OG5_153585	PF11_0345	
OG5_153587	MAL8P1.73	
OG5_153588	PFL0100c	
OG5_153589	MAL7P1.201	1044,1045,1136,1137
OG5_153590	PFL1900w	
OG5_153591	MAL8P1.137	
OG5_153592	MAL13P1.195	
OG5_153593	PF13_0312	
OG5_153596	PFL2130w	
OG5_153597	MAL7P1.107	
OG5_153598	PF13_0216	70
OG5_153600	PF10_0373	
OG5_153601	PFL1432w	
OG5_153602	PFI1005w	
OG5_153604	PFC0506w	
OG5_153605	PFE1245w	
OG5_153606	PFE1175w	
OG5_153607	PF13_0348	217,218,219,220,221,222,783
OG5_153610	PFF1085a	
OG5_153611	PF11_0077	
OG5_153613	PFF1465w	
OG5_153614	PFF1080w	
OG5_153616	PFE1315w	
OG5_153617	PFL1355w	21
OG5_153618	PF14_0095	
OG5_153619	PF14_0367	
OG5_153620	PF14_0461	1725
OG5_153621	PF14_0578	
OG5_153622	PFL1400c	
OG5_153623	PF13_0041	363,651,652,653
OG5_153624	PFA0165c	
OG5_153625	PFL1045w	
OG5_153626	PFL1025c	
OG5_153627	PFB0151c	53,55
OG5_153639	MAL7P1.208	
OG5_153641	PF11_0480	
OG5_153649	PFC0650w	1471
OG5_153690	PF14_0558	
OG5_153764	MAL8P1.105	
OG5_153772	PF14_0479	487
OG5_153785	PF10_0214	
OG5_153786	PF11_0431	
OG5_153811	PFD0403w	295,296
OG5_153828	MAL8P1.157	130,627
OG5_153839	MAL13P1.39	1703,1704,3264,3265
OG5_153844	MAL7P1.10	
OG5_153845	PF11_0472	
OG5_153846	PFF0795w	
OG5_153847	PFE1525w	
OG5_153848	PFF0445w	858,1028,1029
OG5_153849	PFE1160w	
OG5_153851	PFL0220c	
OG5_153853	PF07_0108	
OG5_153854	PF14_0533	
OG5_153865	PF10_0234	149,150
OG5_153895	PFL1670c	
OG5_153897	PF14_0667	
OG5_154281	PF10_0063	
OG5_154282	PF10_0073	
OG5_154284	MAL7P1.14	
OG5_154290	PFC0245c	4409,4410,4411
OG5_154294	PF10_0333	
OG5_154321	MAL8P1.56	
OG5_154330	PF10_0080a	
OG5_154334	PFL0435w	285,286,287
OG5_154343	PFC0330w	
OG5_154442	PF13_0187	
OG5_154443	PFB0315w	
OG5_154758	PF10_0331a	
OG5_154759	PF08_0134	
OG5_154760	PFD0415c	
OG5_154761	MAL7P1.73	
OG5_154762	PFI1655c	
OG5_154763	PF13_0081	
OG5_154764	PF11_0355	
OG5_154765	PFI1435w	
OG5_154773	PF11_0442	
OG5_154794	PFC0230c	1128,1129,3718,3719,3907
OG5_154797	MAL13P1.293	
OG5_154799	MAL8P1.139	1462,4709,4710,4711,4712,4713,4714,5904
OG5_154801	MAL13P1.19	3304,3305,7762,10626,10627
OG5_154802	MAL8P1.113	1609,1610,1764,5097
OG5_154947	MAL13P1.200	
OG5_155006	PF07_0058	
OG5_155007	PFA0570w	
OG5_155011	PFL1870c	
OG5_155057	PF11_0216	
OG5_155060	PFA0410w	559,560,561,562,563,564,565,566
OG5_155120	PF11_0414	
OG5_155179	MAL13P1.185	
OG5_155210	PFC0760c	695
OG5_155222	PF10_0244	367,368,369,370
OG5_155265	PFD0990w	224
OG5_155286	MAL7P1.137	
OG5_155292	PFF1055c	120
OG5_155297	PF07_0064	
OG5_155336	PF10_0318	
OG5_155356	PFI1485c	50,51,52,53,54
OG5_155358	PF11_0118	
OG5_155370	PFA0180w	1472,1473
OG5_155399	PFC0490w	
OG5_155418	PF14_0672	588,589
OG5_155431	PFC0165w	288,289
OG5_155432	MAL8P1.49	
OG5_155454	PFF0250w	
OG5_155508	PF11_0277	
OG5_155509	PFC0176c	
OG5_155603	PF11_0201	
OG5_155664	PFD0245c	
OG5_155699	PF13_0342	
OG5_155835	PFC0582c-a	
OG5_155860	PFL0520c	25
OG5_155874	PF14_0478	110
OG5_155999	PF13_0088	
OG5_156002	PF14_0298	
OG5_156020	PFD0807c	
OG5_156041	PF11_0268	
OG5_156053	PF10_0303	
OG5_156068	PF10_0138	
OG5_156100	PFC0950c	
OG5_156109	MAL13P1.202	
OG5_156112	PF10_0302	
OG5_156127	MAL8P1.35	
OG5_156157	MAL13P1.183	
OG5_156178	MAL13P1.117	
OG5_156185	PF14_0310	
OG5_156188	PF08_0083	158,159,206,207,208
OG5_156196	PF14_0084	1523,2075,2076,2077,5890,5897
OG5_156202	PFL2200w	
OG5_156203	PFF0935c	2410,3975,3976
OG5_156210	PF11_0127	1193
OG5_156224	PF11_0246	933
OG5_156227	PFC0925w	285,286,287,470,471,472,473,474
OG5_156229	MAL8P1.127	
OG5_156239	PFD0985w	3669,3670
OG5_156248	PFC0780w	
OG5_156251	MAL13P1.301	3284
OG5_156256	PF11_0418	73,74
OG5_156257	PF13_0155	
OG5_156271	PF14_0473	
OG5_156397	MAL13P1.13	
OG5_156453	MAL13P1.93	
OG5_156470	PFE1145w	
OG5_156473	PFC0912w	
OG5_156492	PFB0467w	
OG5_156508	PF07_0016	144,145
OG5_156523	PF13_0278	
OG5_156539	PF11_0368	
OG5_156552	PFE0165w	
OG5_156591	PFB0575c	
OG5_156634	PF11_0332	
OG5_156671	PFF0655c	
OG5_156750	PF11_0207	1127
OG5_156776	PFI0515w	188
OG5_156777	PFL0485w	
OG5_156780	PF14_0696	
OG5_156781	MAL13P1.320	
OG5_156783	PF13_0055	
OG5_156784	PFC0590c	149,150,1172,1173,1174
OG5_156785	PFL0775w	
OG5_156786	PF13_0126	325,420,421,422,423
OG5_156787	MAL8P1.140	393,394,395
OG5_156789	PFL0235w	
OG5_156790	PFE1550w	75
OG5_156791	MAL13P1.193	71
OG5_156792	PF14_0162	
OG5_156793	PFD0300w	
OG5_156794	PFE0800w	
OG5_156795	PFE1000c	
OG5_156796	PFE0770w	
OG5_156797	PFE0940c	
OG5_156798	PFC0180c	
OG5_156799	PFL1675c	
OG5_156800	PFD0815c	2460
OG5_156801	PFE1540w	
OG5_156803	MAL13P1.90	
OG5_156804	MAL8P1.45	
OG5_156807	PFA0540c	
OG5_156808	PFE1110w	
OG5_156811	PFC0241w	
OG5_156812	PFD0555c	1237,1238,1239,1240,1241,1242
OG5_156814	PF11_0223	
OG5_156816	MAL13P1.154	
OG5_156817	MAL7P1.163	
OG5_156818	PF11_0159	
OG5_156819	PFB0700c	670,671,672,673,674
OG5_156820	PF10_0253	104
OG5_156821	PF13_0168	
OG5_156822	PFF0380w	686
OG5_156823	PF10_0079	1222,1223,1224,1225,1226,1227,2886,4224,4225
OG5_156824	PF11_0179	
OG5_156825	MAL7P1.22	263
OG5_156826	PFA0350c	533,534,535
OG5_156827	PFB0810w	
OG5_156828	PF14_0332	
OG5_156829	PFE0740c	
OG5_156830	PF11_0403	
OG5_156831	PFL1470c	
OG5_156832	PF13_0032	
OG5_156833	PF13_0025	401
OG5_156835	PF10_0098	
OG5_156836	PFB0500c	
OG5_156837	PFI1505c	
OG5_156838	PF11_0073	
OG5_156840	PF13_0077	
OG5_156841	MAL13P1.57	
OG5_156842	MAL8P1.130	
OG5_156844	PF11_0392	
OG5_156845	PFF1245c	
OG5_156846	PFD0945c	
OG5_156847	MAL13P1.37	507,508,509
OG5_156854	PFF0770c	
OG5_156859	PF10_0146	
OG5_156882	PFF1165c	
OG5_156921	MAL13P1.125	200,201
OG5_156926	MAL7P1.17	
OG5_156929	PFL2220w	
OG5_156933	PFF0710w	
OG5_156983	MAL7P1.19	581,582,583,585,586,3776
OG5_156987	PFL0405w	3758,4736,4737,4759
OG5_156994	PFF0930w	
OG5_157023	PF07_0126	
OG5_157029	PF13_0157	
OG5_157030	PF13_0235	2838,3812,3880,3881,4765
OG5_157047	PFD0160w	1690,1811,2120,3834,4305,4306
OG5_157060	PFE0245c	
OG5_157061	PFF0965c	
OG5_157062	PF10_0113	
OG5_157067	PF14_0568	
OG5_157068	PF13_0027	
OG5_157069	PF11_0056	
OG5_157071	PFE0655w	872,873
OG5_157083	PFD0790c	
OG5_157121	PFI0210c	
OG5_157125	PFF0875w	
OG5_157131	PF14_0211	
OG5_157148	PFB0560w	2860,2861
OG5_157155	PF11_0233	
OG5_157156	MAL7P1.152	
OG5_157157	PF11_0226	
OG5_157158	MAL13P1.31	114,115
OG5_157159	PFF0565c	
OG5_157161	PFE0950c	
OG5_157163	PFA0435w	187,188,189
OG5_157168	PF10_0112	
OG5_157169	PFF1145c	
OG5_157170	MAL13P1.342a	
OG5_157175	MAL7P1.89	2790
OG5_157210	MAL13P1.38	237
OG5_157217	PFE0990w	
OG5_157223	PFI1120c	
OG5_157644	PFL1865w	1598,1599,1600
OG5_157650	PFL2240w	
OG5_157651	PFE0855c	137,138,139,140,228,229
OG5_157652	PF07_0082	
OG5_157654	PF11_0435	82,85,86
OG5_157655	PFI0500w	
OG5_157657	MAL7P1.16	3446,3447
OG5_157658	PFL1860c	
OG5_157665	MAL7P1.203	895,896,897,898
OG5_157703	PF14_0315	1452,1453,1473,2922,2923,4294,4295,4296,4299,4300,4303,4304
OG5_157719	PFD1075w	
OG5_157722	PFB0820c	1766
OG5_157724	PFI1000w	
OG5_157730	PF07_0097	
OG5_157735	PF07_0113	
OG5_157767	MAL13P1.70	
OG5_157770	PFB0495w	
OG5_157817	PF14_0356	
OG5_157837	PFB0230c	
OG5_157843	MAL13P1.112	
OG5_157845	MAL7P1.15	894
OG5_157867	PF13_0169	
OG5_158037	PF10_0101	
OG5_158049	PF14_0454	
OG5_158050	PFB0570w	
OG5_158053	MAL8P1.26	
OG5_158054	PFF0545c	
OG5_158056	PF11_0269	
OG5_158057	PFL1450c	
OG5_158058	PFL1460c	
OG5_158059	PF07_0025	
OG5_158060	PF14_0572	
OG5_158061	PF08_0008	
OG5_158062	MAL7P1.34	
OG5_158063	PF14_0074	337
OG5_158064	PF10_0226	
OG5_158065	PF13_0084	
OG5_158066	PF14_0106	
OG5_158067	MAL8P1.79	
OG5_158068	PFI0520w	
OG5_158069	PF14_0483	
OG5_158070	PF07_0084	
OG5_158072	PF14_0586	
OG5_158073	PF08_0073	
OG5_158074	PF14_0787	
OG5_158075	PFA0240w	
OG5_158077	MAL13P1.580	
OG5_158082	PFC0425w	3188,3189,3190,3191
OG5_158101	PFD0735c	
OG5_158123	PFC0820w	4878
OG5_158126	PF13_0319	156,157,158
OG5_158127	MAL13P1.307	
OG5_158130	PFE1280w	
OG5_158131	PF14_0452a	
OG5_158132	PF14_0592	
OG5_158133	MAL13P1.133	1283,5438
OG5_158134	MAL13P1.224	
OG5_158393	PF14_0336	
OG5_158440	PFI1015w	
OG5_158462	PFL0390c	
OG5_158513	PFL1395c	
OG5_158524	PF14_0188	2240,2336,2337,2338
OG5_158530	PFF1195c	
OG5_158534	PFL2040w	428
OG5_158563	PFF1130c	
OG5_158585	PF14_0497	
OG5_158593	MAL13P1.121	
OG5_158630	PFI0255c	
OG5_158677	PFI1540w	
OG5_158770	PFI1265w	1089,1090
OG5_158788	MAL7P1.32	
OG5_158797	PFI0275w	
OG5_158813	PFC0405c	140,141,142,143,182,526
OG5_158815	PF13_0209	353,354
OG5_158826	MAL8P1.30	
OG5_158857	PF10_0082	
OG5_158858	PFF1450w	
OG5_158872	PFF0720w	
OG5_158892	PF14_0468	
OG5_158909	PF14_0506	
OG5_158970	PFF1015w	
OG5_158976	PF10_0336	
OG5_158981	PF10_0275	
OG5_159010	PF14_0232	
OG5_159096	PF14_0234	
OG5_159181	PF10_0197	
OG5_159573	PFI1475w	
OG5_159574	MAL7P1.95	
OG5_159576	PF07_0053	1205,1206,1207
OG5_159683	PF14_0337	
OG5_159697	MAL8P1.121	
OG5_159706	PF08_0042	
OG5_159732	PF08_0025	
OG5_159753	PFL0545w	718,977,978,1590,1591,1592,1594
OG5_159755	PFI1587c	
OG5_159764	PF13_0043	
OG5_159765	PFE0105c	
OG5_159779	PFF0265c	
OG5_159805	PF11_0220	
OG5_159806	PF10_0320	
OG5_159822	PF08_0093	
OG5_159834	PF14_0552	
OG5_159838	PFL1740w	
OG5_159865	PF11_0241	213,214,215,216,217,307,890,891,1131
OG5_159889	PF13_0165	
OG5_159902	PF14_0131	88,89
OG5_159908	PFL1530w	
OG5_159914	PFF0800w	
OG5_159921	PF13_0056	
OG5_159941	PFL1165w	
OG5_159942	PFC0685w	
OG5_159950	PF14_0531	
OG5_159960	PFL1690w	
OG5_159961	PFF0670w	
OG5_159969	PF11_0333	
OG5_160159	MAL13P1.332	
OG5_160300	PF11_0063	
OG5_160342	MAL8P1.124	104,105
OG5_160404	PF14_0186	
OG5_160431	MAL13P1.278	
OG5_160480	PF14_0166	
OG5_160521	PFC0265c	
OG5_160525	PFD0585c	1985,1986
OG5_160534	PFL1260w	
OG5_160547	PFL0550w	
OG5_160568	PFF1175c	
OG5_160569	PFI0830c	1561,1562,1563
OG5_160572	PF10_0064	
OG5_160573	PFI1190w	
OG5_160574	PFC0221c	
OG5_160575	PF08_0015	
OG5_160576	PFC0345w	
OG5_160578	PF11_0219	
OG5_160579	MAL7P1.33	
OG5_160580	PF11_0420	
OG5_160581	PF10_0090	
OG5_160582	PF10_0166	
OG5_160584	PFC1010w	
OG5_160585	PFL1035w	
OG5_160586	PF10_0034	
OG5_160592	PFL0750w	
OG5_160594	PF13_0161	
OG5_160595	MAL13P1.178	
OG5_160596	PF11_0372	
OG5_160597	PFD0565c	1093
OG5_160600	PFL0600w	78,79,467,468,469
OG5_160602	PFC0765c	
OG5_160603	MAL13P1.177	
OG5_160604	PF08_0028	14,15,335,336,337,766,767
OG5_160607	PF14_0509	
OG5_160609	PFC0240c	
OG5_160610	PFI0245c	
OG5_160611	PFL1390w	172
OG5_160613	PFA0405w	
OG5_160614	MAL7P1.23	
OG5_160616	PF11_0101	
OG5_160617	PF10_0315	
OG5_160619	PFE1120w	326,1286,4841,5397,5399,5400,5701,5702,5999,7714,7715,7716,7717,7718
OG5_160620	PFL1795c	
OG5_160621	PF14_0394	305,306,307
OG5_160622	PFE0590w	
OG5_160629	PFL1505c	
OG5_160649	MAL13P1.342	
OG5_160653	PF11_0286	
OG5_160657	PF10_0319	
OG5_160659	PFF1225c	
OG5_160663	PF11_0180	
OG5_160667	PF13_0148	1958,1959,2125,2126
OG5_160678	PF08_0035	
OG5_160698	PFL1000c	
OG5_160704	PF14_0250	
OG5_160718	PFE1555c	
OG5_160733	PFI0580c	
OG5_160759	PFL2490c	
OG5_160760	PF10_0058	
OG5_160763	PFL0250w	21,22,23,24,25,26,27,122,123,124
OG5_160768	MAL13P1.229	
OG5_160773	PFL2385c	
OG5_160774	PFL1205c	1250,1251,1643,1644,1645,1646
OG5_160776	PFD0730w	
OG5_160784	PFB0745w	
OG5_160791	MAL7P1.119	
OG5_160794	PFE1180c	
OG5_160796	MAL13P1.181	241
OG5_160809	PFL0555c	
OG5_160811	PF14_0318	905,906,907,1646
OG5_160812	PF14_0712	9,268,269,270
OG5_160813	PFB0280w	
OG5_160817	PF14_0591	
OG5_160818	PF08_0027	
OG5_160824	MAL8P1.15	
OG5_160826	PFA0550w	525
OG5_160858	PFL1510c	
OG5_160887	PF11_0135	
OG5_160903	MAL7P1.155	1577
OG5_160914	PF11_0206	
OG5_160918	PFL2185w	
OG5_160923	PF11_0078	151,152,581,582,583
OG5_160927	PFL1650w	
OG5_160929	PFA0510w	1478
OG5_160930	PFI1468c	
OG5_160931	PFB0886c	
OG5_160934	MAL13P1.124	2436
OG5_160935	PFF0490w	450,630
OG5_160936	PFL0880c	
OG5_160937	PF14_0537	
OG5_160939	PF14_0379	
OG5_160940	PFD0255w	
OG5_160946	PFC1030w	981,982,983,984,985,1540
OG5_160948	PFL0340w	
OG5_160950	PF14_0547	
OG5_160962	PFL2405c	
OG5_160973	PF14_0668	
OG5_160974	PFC0335c	3106
OG5_160980	PF14_0154	
OG5_160982	PF13_0277	181,182
OG5_160996	PF14_0595	
OG5_161009	PF14_0170	
OG5_161019	PF10_0048	
OG5_161021	PFI1585c	
OG5_161142	MAL13P1.114	
OG5_161371	PF08_0117	
OG5_161372	PF14_0680	
OG5_161374	PFF1377w	
OG5_161376	PFC0930c	
OG5_161377	PF14_0116	
OG5_161378	PFE1520c	
OG5_161379	PF10_0205	
OG5_161380	PF10_0083	
OG5_161381	PFL1695c	
OG5_161382	MAL13P1.312	
OG5_161385	PF14_0659	
OG5_161387	PFD0775c	87
OG5_161399	PF11_0315	846,847,848
OG5_161400	PF10_0211	618,619,620,861,4390,5288,5422,5490,5491,5515,5517
OG5_161403	PFB0470w	
OG5_161405	MAL8P1.60	
OG5_161409	PF14_0582	
OG5_161411	MAL7P1.146	
OG5_161479	PFF0140c	350,351,352
OG5_161482	PFL1805c	
OG5_161494	PF14_0703	
OG5_161495	PF08_0091	
OG5_161505	PF10_0095	
OG5_161513	PFI0555c	
OG5_161515	PFE0280c	
OG5_161518	PF14_0225	
OG5_161574	PF14_0123	2834,2835,2836
OG5_161575	PF13_0266	
OG5_161580	PF10_0338	
OG5_161581	PF11_0448	
OG5_161582	PFE1060c	
OG5_161584	PFC0965w	904,1750,1798,1799
OG5_161585	PF11_0449	
OG5_161586	PFC0560c	398,775,776,777
OG5_161653	MAL13P1.116	
OG5_161676	PFC0905c	
OG5_161682	MAL13P1.351	
OG5_161689	MAL13P1.66	68,69,2494,2495
OG5_161690	PFB0790c	
OG5_161715	PFI0690c	415,1026
OG5_161716	PF13_0243	256
OG5_161717	MAL13P1.48	
OG5_161718	MAL13P1.349	65,66,67
OG5_161719	PFI1500w	
OG5_161720	MAL7P1.138	10
OG5_161721	PFE1515w	
OG5_161722	PFB0375w	
OG5_161723	PFI1060w	1780
OG5_161724	PF11_0275	100,101,102
OG5_161725	PF07_0086	
OG5_161768	PFE0235c	5571
OG5_161776	PF14_0304	
OG5_161777	PF07_0037	
OG5_161967	PF14_0385	218
OG5_161972	PFI0850w	462
OG5_161974	PF14_0344	
OG5_161980	PF14_0686	1665
OG5_161981	MAL7P1.205	
OG5_161984	PFC0810c	
OG5_161985	PF11_0076	
OG5_161994	MAL13P1.140	
OG5_162000	PF14_0554	
OG5_162002	PFL1825w	
OG5_162003	PF14_0275	
OG5_162004	PFL2315c	
OG5_162007	PFI0270w	
OG5_162008	PFA0565c	
OG5_162010	PFL1380w	
OG5_162011	MAL13P1.15	
OG5_162012	MAL7P1.123	
OG5_162013	PFE1440c	
OG5_162014	PFL1710c	
OG5_162015	PF10_0145	
OG5_162016	PFB0161c	
OG5_162031	PF14_0499	
OG5_162038	PFI0680c	
OG5_162064	PFF0175c	896,897,2168
OG5_162066	PFB0380c	
OG5_162067	PFB0405w	
OG5_162068	PFB0665w	1924,1925
OG5_162069	PFC0125w	
OG5_162070	PFC0570c	
OG5_162072	PFI0185w	
OG5_162073	PF10_0199	
OG5_162074	PF10_0260	888
OG5_162076	PF07_0010	
OG5_162077	PFC0831w	
OG5_162078	PFI1275w	
OG5_162079	PFI1445w	
OG5_162081	PF11_0417	
OG5_162082	PF11_0266a	
OG5_162083	PF11_0178	12,13,14,15,179
OG5_162084	PFD0445c	
OG5_162087	PF14_0102	
OG5_162088	PF14_0073	
OG5_162089	PF14_0029	
OG5_162091	PFE0115c	119,120,121,122
OG5_162092	PFF0820w	203,204,1110
OG5_162093	PFF0975c	
OG5_162094	PF13_0298	
OG5_162095	MAL13P1.323	317,318,319,320,321,322,383,384,385,386,2344,2470,2471
OG5_162096	MAL13P1.333	
OG5_162097	PF13_0360	502,518
OG5_162098	PF14_0722	
OG5_162099	PF14_0426	190,191,192,193,194,195
OG5_162101	PF14_0485	
OG5_162102	PF14_0498	
OG5_162103	PF14_0507	879,880,881
OG5_162104	PF14_0544	
OG5_162105	PF14_0556	
OG5_162107	PF14_0583	
OG5_162108	MAL13P1.147	
OG5_162109	MAL13P1.156	
OG5_162110	PF13_0239	
OG5_162112	PF13_0248	
OG5_162113	MAL13P1.237a	
OG5_162114	MAL13P1.41	
OG5_162115	PF13_0067	
OG5_162117	PFL0820c	91,92,93
OG5_162118	PFL1535w	919,920
OG5_162577	PF11_0267	
OG5_162594	MAL13P1.126	
OG5_162634	PFC1000w	803,804
OG5_162652	PFB0215c	
OG5_162661	PF14_0407	825,826,827,1000,1001,1892,1893,1894
OG5_162700	PF14_0120	
OG5_162713	PFE0515w	
OG5_162733	PF13_0053	
OG5_162755	PFE1010w	
OG5_162756	PFF1215w	
OG5_162815	PF10_0119	
OG5_162824	PFE1070c	417,418,419,641,642,643,1342,1343,1344
OG5_162825	PF10_0130	
OG5_162836	PF13_0047	
OG5_162873	PFI1510w	
OG5_162890	PF11_0195	
OG5_162919	PF13_0356	
OG5_162943	PF08_0127	
OG5_162972	PFL0285w	
OG5_162981	PF14_0110	554
OG5_163005	PF14_0287	
OG5_163008	PF10_0220	
OG5_163015	PFI0225w	
OG5_163057	PFL2020c	
OG5_163078	MAL13P1.285	1367,1368,1369,1370
OG5_163091	MAL8P1.141	
OG5_163118	PF14_0058	576
OG5_163119	PFE0260w	
OG5_163123	PF14_0810	
OG5_163128	PF07_0120	2133,2134,2462
OG5_163138	PFC0545c	
OG5_163222	PFL2160c	
OG5_163229	PFE0355c	
OG5_163335	PF14_0099	
OG5_163505	PF14_0264	12,13,14,16,471
OG5_163688	PFL0125c	
OG5_163722	PF13_0265	
OG5_163742	PFC0990c	
OG5_163785	PF14_0637	
OG5_163803	PFF1435w	208
OG5_163810	PF14_0168	
OG5_163823	PFD0330w	
OG5_163853	PFL1175w	29
OG5_163858	PF14_0096	
OG5_163863	PFI0625c	
OG5_163866	PF07_0012	351,938,939
OG5_163882	PFD0690c	
OG5_163883	PFE0775c	
OG5_163889	MAL7P1.203b	
OG5_163895	PFF1255w	
OG5_163903	PF07_0125	
OG5_163910	PFL0135w	
OG5_163911	PFE0175c	
OG5_163914	MAL8P1.154	5581,5582
OG5_163933	MAL7P1.151	
OG5_163945	MAL13P1.119	
OG5_163948	PFA0275c	
OG5_163958	PF08_0116	
OG5_163982	PFF0560c	
OG5_164010	PF11_0229	
OG5_164032	PF11_0052	
OG5_164074	MAL13P1.83	
OG5_164101	PF13_0035	
OG5_164102	PF10_0281	
OG5_164131	PF10_0110	
OG5_164153	PF11_0375	885,886,887,888,925,927,964
OG5_164154	PFB0835c	
OG5_164158	PF13_0189	
OG5_164162	PFL1760w	
OG5_164177	PFL2400w	118,119
OG5_164179	PF10_0335	
OG5_164180	PFL1815c	
OG5_164182	PFI0940c	
OG5_164202	PF14_0202	
OG5_164209	MAL8P1.68	
OG5_164220	PF14_0050	
OG5_164258	PF13_0264	420,421
OG5_164270	PFD0993c	
OG5_164280	PF14_0259	26,27,28,29,30,31,32
OG5_164433	PFE1330c	
OG5_164434	MAL13P1.26	
OG5_164471	MAL13P1.50	
OG5_164481	PFL0510c	
OG5_164483	PF11_0119	
OG5_164638	PFL1010c	798,799,2451,2452
OG5_164641	PF11_0144	429,431
OG5_164658	PFF0690c	
OG5_164672	PFL0300c	
OG5_164699	PFA0340w	
OG5_164745	MAL13P1.68	
OG5_164750	PFC0145c	
OG5_164861	PFE0860c	
OG5_164895	PFI0955w	
OG5_164905	PFF0570c	
OG5_164958	PF10_0076	
OG5_164970	PF14_0657	11,12,474
OG5_164971	PF14_0715	
OG5_164972	PFL1250c	
OG5_164973	PFF0830w	
OG5_164974	MAL8P1.55	
OG5_164975	PFL1515c	903,904,905
OG5_164976	PFL1525c	
OG5_164977	MAL13P1.217	188
OG5_164978	PFB0390w	
OG5_164979	MAL13P1.152	
OG5_164981	PFI0725c	
OG5_164985	PFD0935c	
OG5_164987	PF11_0469	
OG5_164989	PF14_0272	
OG5_164990	PFC0885c	
OG5_164993	PFE0310c	
OG5_164994	PF14_0504a	
OG5_164996	MAL13P1.264	
OG5_165001	PF07_0087	
OG5_165002	PF13_0218	
OG5_165004	PF10_0171	
OG5_165009	PF13_0261	
OG5_165012	PF13_0093	
OG5_165015	PFD1115c	
OG5_165016	PFC0505c	
OG5_165017	PF13_0167	
OG5_165020	PFE0745w	
OG5_165022	MAL7P1.87	1166
OG5_165023	PF14_0409	163,164,165,166,167,168,169,362,363,364,365,366,367,436,438
OG5_165025	PF11_0066	
OG5_165026	PFC1055w	
OG5_165029	PFC0715c	
OG5_165031	PF11_0424	
OG5_165032	PFE0995c	1250,1251,1252
OG5_165033	PFB0615c	730,731,732
OG5_165034	PFI0430c	
OG5_165042	PFL1190c	
OG5_165052	PFL0745c	
OG5_165059	PF11_0373	
OG5_165064	MAL13P1.304	770,1468,1469,1804,1980,1981,1982,1983,1984,2161,2223
OG5_165083	PFE0095c	366
OG5_165085	PFL0370w	
OG5_165086	PFI0730w	
OG5_165155	PFE1535w	542,543,544,545,546,547
OG5_165163	PFF0755c	
OG5_165169	MAL7P1.120	569,570,571,572,573
OG5_165171	PFF1445c	1025
OG5_165204	PFL1215c	
OG5_165207	MAL13P1.25	
OG5_165212	PF11_0111	1173,1174
OG5_165215	PFE0480c	
OG5_165216	MAL13P1.316	1221,1222
OG5_165218	PFF0385c	136
OG5_165220	PFF1260c	
OG5_165221	PFL1800w	
OG5_165233	MAL13P1.29	
OG5_165243	PFL2300w	
OG5_165244	PF14_0252	
OG5_165248	MAL7P1.102	
OG5_165249	PFL0205w	
OG5_165256	PF08_0090	
OG5_165259	PF11_0130	
OG5_165261	MAL8P1.64	524
OG5_165267	PFE1570c	18,19,20
OG5_165268	PF10_0284	549,550,551
OG5_165277	PF14_0559	
OG5_165280	PFI1055w	
OG5_165286	PF14_0283	
OG5_165288	PF07_0035	
OG5_165289	MAL8P1.57	
OG5_165290	MAL13P1.365	
OG5_165300	PF10_0246a	
OG5_165338	PFL1445w	453
OG5_165361	MAL8P1.123	
OG5_165362	PFC0455w	
OG5_165368	PF11_0307	
OG5_165370	PF07_0056	
OG5_165380	MAL8P1.61	
OG5_165382	PFA0210c	
OG5_165383	MAL7P1.65	
OG5_165385	PF10_0189	
OG5_165396	PFE0905w	
OG5_165408	PFI0170w	
OG5_165414	MAL7P1.153	
OG5_165416	PF14_0387	
OG5_165419	PFI1040c	
OG5_165420	PF14_0435	
OG5_165421	PFD0535w	
OG5_165422	PF08_0081	
OG5_165427	PFL0195w	
OG5_165432	PF14_0354	
OG5_165434	MAL13P1.24	
OG5_165438	PF14_0386	
OG5_165439	PF14_0438	
OG5_165440	PFI0495w	
OG5_165441	PF14_0129	10,293,294
OG5_165442	PF14_0505	
OG5_165444	PFC0195w	
OG5_165445	PF14_0035	
OG5_165446	MAL13P1.350	
OG5_165449	PFB0185w	881
OG5_165451	PF13_0101	
OG5_165452	PF14_0434	
OG5_165453	PFF0195c	
OG5_165456	PFB0205c	
OG5_165459	PFL0165c	
OG5_165462	PFL1750c	
OG5_165463	PF13_0237	402
OG5_165465	PF13_0125	
OG5_165467	PF07_0019	
OG5_165468	MAL13P1.380	279,280,281,822,823,7943,7944,8357
OG5_165469	MAL13P1.272	
OG5_165470	PF10_0181	
OG5_165471	PFF0220w	1119,1120,1121
OG5_165472	PFI1385c	
OG5_165473	PFF1065c	
OG5_165474	PFL0440c	
OG5_165475	PFI1640c	
OG5_165476	PFI1345c	
OG5_165478	PFC0235w	1167
OG5_165479	PFL1365w	822,823
OG5_165481	MAL8P1.201	77,78
OG5_165482	PFE0710w	
OG5_165483	MAL13P1.370	
OG5_165484	PF14_0152	
OG5_165485	PF14_0408	
OG5_165486	PFE0085c	97
OG5_165487	PF08_0058	
OG5_165489	PF14_0209	
OG5_165490	PF14_0214	1674,1675
OG5_165491	PF13_0221	
OG5_165492	PFI1400c	
OG5_165495	PFI1580c	
OG5_165496	PF11_0415	159
OG5_165511	PF13_0196	
OG5_165514	PF11_0107	
OG5_165516	MAL8P1.54	1010,1048
OG5_165522	PF14_0406	
OG5_165527	PF11_0288	
OG5_165529	PF10_0037	
OG5_165531	PF11_0322	
OG5_165533	PF14_0293	767,768
OG5_165539	PF14_0030	
OG5_165542	MAL13P1.33	13,14
OG5_165547	PFI1300c	
OG5_165554	MAL13P1.339	37
OG5_165561	PF14_0615a	
OG5_165562	PFL0315c	1134,1135,1136,1137,1138,1139,1356,1357,1540,1541,1717,1718
OG5_165563	PFL1565c	915,916,917
OG5_165568	PFL2420w	
OG5_165569	PF08_0067	
OG5_165573	MAL7P1.131	
OG5_165574	PF10_0049	322,323
OG5_165575	PFD0440w	546,547,550
OG5_165576	PFL1100w	
OG5_165578	PFD0320c	
OG5_165593	PFC0815c	
OG5_165683	PFF0135w	
OG5_165713	PFE1173c	
OG5_165780	MAL13P1.345	
OG5_165870	PFI1150w	
OG5_165875	PFE1015c	
OG5_165878	PF14_0047	
OG5_165879	MAL13P1.138	
OG5_165880	MAL13P1.296	
OG5_165881	PFL1583c	
OG5_165882	PF14_0158	
OG5_165884	PF11_0079	1337,1338,1339
OG5_165885	PFB0800c	
OG5_165886	PF10_0367	
OG5_165887	PF11_0309	
OG5_165888	PF14_0618	
OG5_165889	PF13_0299	
OG5_165890	PF14_0213a	
OG5_165891	PFI0435c	
OG5_165892	PF13_0352	1154,1155,1156,1157,1158,1159
OG5_165893	PFE1270c	
OG5_165895	PF14_0204	
OG5_165904	PFF0900c	
OG5_165906	PFD0900w	
OG5_165918	PFE0635c	
OG5_165919	PF14_0228	
OG5_165920	PFE0840c	
OG5_165921	MAL13P1.250	
OG5_165922	PF10_0292	
OG5_165923	PFC0220w	1341,1342
OG5_165924	PF10_0206	101,102,251,252,253
OG5_165925	PFI0950w	
OG5_165926	PFB0735c	6,7,8
OG5_165928	PFL2170c	
OG5_165932	PF11_0404	11
OG5_165934	PFL1995c	37,38
OG5_165935	PFD0940w	
OG5_165938	PF11_0408	1996,1997
OG5_165942	MAL8P1.24	
OG5_165966	PF11_0527	
OG5_165972	PFD0965w	4388,4391,4392,5559,5560,5561,5562,5563
OG5_165983	PF11_0222	
OG5_166027	PF11_0540a	
OG5_166033	PFD0290w	
OG5_166064	MAL13P1.155	286
OG5_166073	PF11_0526	
OG5_166080	PFE1295c	
OG5_166084	PFF1390w	
OG5_166085	PF11_0281	
OG5_166092	PF14_0645	
OG5_166093	PFL1850c	
OG5_166095	PFF0230c	
OG5_166097	PFL2190c	1607
OG5_166101	PFC1065w	
OG5_166102	PFD0560w	
OG5_166103	MAL13P1.72	
OG5_166107	MAL13P1.18	
OG5_166110	PF11_0341	
OG5_166112	PFA0420w	
OG5_166119	PF14_0199	
OG5_166121	MAL8P1.47	
OG5_166125	PF10_0227	
OG5_166149	PF13_0186	
OG5_166153	PFB0425c	
OG5_166154	PF10_0229	213,214,215
OG5_166168	PF10_0127	
OG5_166171	PFF0995c	
OG5_166173	PFF1100c	
OG5_166179	PF14_0475	112
OG5_166181	PFI0870w	
OG5_166182	PF14_0249	
OG5_166187	MAL7P1.35	
OG5_166188	PFE1375c	
OG5_166215	PF14_0271	
OG5_166359	PF14_0190	
OG5_166360	PFC0565w	
OG5_166361	PF14_0345a	
OG5_166385	PFF1270c	
OG5_166408	PFF0210w	
OG5_166414	MAL7P1.157	374
OG5_166415	PFB0170w	
OG5_166419	MAL13P1.239	
OG5_166420	MAL8P1.32	
OG5_166421	PF10_0053	
OG5_166424	PFL1335w	
OG5_166426	PFE1260c	
OG5_166430	MAL13P1.336	128
OG5_166431	PFL1055c	
OG5_166432	PFF0470w	
OG5_166433	PFI1605w	244
OG5_166434	PF14_0029a	
OG5_166435	PF14_0551	
OG5_166436	PF11_0378	1104,1105,1106,1107
OG5_166437	PFC0880c	
OG5_166445	MAL13P1.317	461,462
OG5_166461	PF10_0027	
OG5_166463	PFF1400w	
OG5_166464	PF10_0067	
OG5_166471	PFA0200w	
OG5_166491	PFL0610w	
OG5_166504	PF10_0031	
OG5_166519	PF07_0114	
OG5_166520	PFL1730c	697,698
OG5_166521	PF14_0613	1951
OG5_166522	PFA0285c	
OG5_166524	PFL1405w	
OG5_166525	PFB0235w	
OG5_166526	PF10_0248	
OG5_166527	PF14_0031	
OG5_166536	PFA0155c	
OG5_166542	PF14_0503	
OG5_166583	PFL1385c	
OG5_166597	PFI0565w	479,480
OG5_166600	PFI1690c	
OG5_166602	PF11_0398	188,189,274,275,276
OG5_166603	PF11_0291	2297
OG5_166607	PF14_0444	238,239
OG5_166737	PF11_0402	
OG5_166796	PF14_0165	
OG5_166816	PF10_0032	
OG5_166819	PF13_0099	
OG5_166821	PFL0755c	
OG5_166831	PFE0985w	
OG5_166833	PFI0160w	1889,1890,3876,3877
OG5_166836	MAL8P1.88	
OG5_166841	PF11_0094	
OG5_166844	PF11_0455	
OG5_166845	PFD0540c	
OG5_166858	PFL1495w	
OG5_166859	MAL13P1.215	76,77,78
OG5_166860	PFL1320w	
OG5_166862	PFL0885w	
OG5_166863	MAL8P1.80	
OG5_166868	PFL1665c	
OG5_166869	PFF0130c	
OG5_166871	PFI0485c	
OG5_166872	PFI1270w	
OG5_166874	PFL1020w	
OG5_166876	PFB0705w	
OG5_166877	PF13_0116	
OG5_166878	PF14_0290	
OG5_166879	PFF0190c	
OG5_166880	PF14_0596	
OG5_166881	PFF0215w	
OG5_166882	PFL2505c	
OG5_166883	PF14_0805	
OG5_166885	PF10_0373a	40,41,42
OG5_166886	PFL1640c	
OG5_166887	PFF0460w	696
OG5_166888	PFL1785c	
OG5_166889	PF14_0815	
OG5_166892	PF13_0292	
OG5_166893	PFD0550c	
OG5_166895	PFL0605c	
OG5_166896	PFL1910c	
OG5_166897	PF13_0267	
OG5_166899	PF11_0455a	18,20,21,28,29,30
OG5_166901	PF14_0380	
OG5_166907	PFL0790w	
OG5_166908	PFE0120c	
OG5_166914	PFD0495c	
OG5_166935	PF08_0136b	
OG5_166938	PFB0610c	
OG5_166943	PF14_0363	2259,2260
OG5_166967	PFC1016w	
OG5_166969	PFF0110w	
OG5_166970	PFF0145w	66,67,445,446,447,448,449,450,451
OG5_166971	PFF0150c	
OG5_166972	PFF0240c	
OG5_166973	PFF0280w	
OG5_166974	PFF0295c	
OG5_166975	PFF0315c	
OG5_166976	PFF0325c	
OG5_166977	PFF0390w	
OG5_166978	PFF0405c	
OG5_166979	PFF0415c	
OG5_166980	PFF0440w	
OG5_166981	PFF0480w	2,3,4,221,222
OG5_166983	PFF0585c	
OG5_166984	PFF0605c	
OG5_166985	PFF0615c	
OG5_166986	PFF0620c	
OG5_166987	PFF0635w	
OG5_166988	PFF0660w	
OG5_166989	PFF0675c	1724,1725,1726
OG5_166990	PFA0490w	
OG5_166991	PFA0430c	
OG5_166992	PFA0385w	
OG5_166994	PFA0305c	
OG5_166995	PFA0205w	
OG5_166996	PFA0175w	
OG5_166997	PFA0160c	
OG5_166998	PFA0140c	
OG5_166999	PF07_0109	
OG5_167000	PF07_0116	
OG5_167001	MAL7P1.154	
OG5_167002	MAL7P1.161	
OG5_167003	PFB0125c	1348
OG5_167004	PFB0195c	
OG5_167005	PFB0227c	
OG5_167006	PFB0285c	
OG5_167007	PFB0310c	
OG5_167008	PFB0325c	
OG5_167009	PFB0395w	
OG5_167010	PFB0400w	
OG5_167011	PFB0580w	
OG5_167012	PFB0630c	
OG5_167013	PFB0660w	
OG5_167014	PFB0670c	
OG5_167015	PFB0675w	1169
OG5_167016	PFB0690w	175
OG5_167017	PFB0710c	
OG5_167018	PFB0732c	971,972,973
OG5_167019	PFB0755w	
OG5_167020	PFB0775w	
OG5_167021	PFB0850c	1110,1111
OG5_167022	PFB0910w	
OG5_167023	PFC0282w	
OG5_167024	PFC0320w	
OG5_167025	PFC0415c	
OG5_167026	PFC0470w	
OG5_167027	PFC0530w	
OG5_167028	PFC0575w	
OG5_167029	PFC0580c	
OG5_167030	PFC0600w	248,249,250
OG5_167031	PFC0705c	1609,1610,1769
OG5_167032	PFI0305c	
OG5_167033	PF10_0170	
OG5_167034	PF10_0173	
OG5_167035	PF10_0176	
OG5_167036	PF10_0180	
OG5_167037	PF10_0182	
OG5_167038	PF10_0184	
OG5_167039	PF10_0212a	1255,1256,1257,1259,1464,1465,1466,1467,1480,1481,1709,1710,1711
OG5_167040	PF10_0215	
OG5_167041	PF10_0223	
OG5_167042	PF10_0230	
OG5_167043	PF10_0233	361,362,363
OG5_167044	PF10_0237	269,270
OG5_167045	PF10_0238	
OG5_167046	PF10_0242	
OG5_167047	PF10_0243	
OG5_167048	PF10_0257	86,87,88,89,90,162,253,254,255,256,257,258,341,342
OG5_167049	PF10_0258	
OG5_167050	PF10_0270	
OG5_167051	PF10_0279	
OG5_167052	PF10_0283	128
OG5_167053	PF10_0285	
OG5_167054	PF10_0286	622
OG5_167055	PF10_0290	
OG5_167056	PF10_0296	1285,1286,1287
OG5_167057	PF10_0304	
OG5_167058	PF10_0307	723
OG5_167059	PF10_0313a	
OG5_167060	PF10_0365	
OG5_167061	PF10_0415	
OG5_167062	PFD1030c	
OG5_167063	PFD1006w	
OG5_167064	PFD1080w	
OG5_167065	PFD1085w	
OG5_167066	PFD1100c	260,261,262,263,264,271,272,274,275,276,277,278,279,280,444,447
OG5_167067	PFD1105w	
OG5_167068	PF08_0003	
OG5_167070	PFL0155c	
OG5_167071	PFL0200c	103
OG5_167072	PFL0270c	
OG5_167073	PFL0345w	
OG5_167074	PFL0425c	
OG5_167075	PFL0515w	
OG5_167076	PFL0525w	
OG5_167077	PFL0530c	
OG5_167078	PFL0535c	
OG5_167079	PF14_0355	
OG5_167080	PF14_0353	
OG5_167081	PFD0545w	956,957,958
OG5_167082	PFD0605c	
OG5_167083	PF07_0069	
OG5_167084	MAL7P1.82	
OG5_167085	MAL7P1.84	
OG5_167086	PF07_0074	
OG5_167087	MAL7P1.98	
OG5_167088	MAL7P1.108	1561,1562,1617
OG5_167090	MAL7P1.112	
OG5_167091	PF07_0089	
OG5_167092	PF07_0101	
OG5_167093	MAL7P1.127	1169,1170,1171
OG5_167094	MAL7P1.132	
OG5_167095	PF07_0104	446,447,448,449,1008
OG5_167098	PF08_0004	
OG5_167099	MAL8P1.11	
OG5_167100	MAL8P1.20	
OG5_167101	MAL8P1.21	
OG5_167102	PF08_0023	
OG5_167103	MAL8P1.34	
OG5_167104	PF08_0030	
OG5_167105	MAL8P1.42	
OG5_167106	PF08_0044	
OG5_167107	PF08_0046	
OG5_167108	MAL8P1.59	242,243
OG5_167109	PF08_0050	
OG5_167110	PF08_0051	
OG5_167111	PF08_0052	
OG5_167112	MAL8P1.70	
OG5_167113	PF08_0057	
OG5_167114	PF08_0062	
OG5_167115	MAL8P1.84	
OG5_167116	PFD0695w	
OG5_167117	PFD0760c	
OG5_167118	PFD0860w	
OG5_167119	PFD0870w	
OG5_167120	PFD0885c	
OG5_167121	PFD0890w	
OG5_167122	PFD0925w	
OG5_167123	MAL7P1.11	
OG5_167124	MAL7P1.18	16,17,18,19
OG5_167125	PF07_0018	
OG5_167126	PF07_0021	
OG5_167127	MAL7P1.207	652,653,654
OG5_167128	PF07_0028	
OG5_167129	PFC0795w	
OG5_167130	PFC0750w	
OG5_167131	PFI0336w	
OG5_167132	PFI0340c	
OG5_167133	PFI0395w	127,128,129
OG5_167134	PFI0440w	
OG5_167135	PFI0465c	
OG5_167136	PFI0545w	
OG5_167137	PFI0575c	
OG5_167138	PFI0585c	
OG5_167139	PFI0615w	
OG5_167140	PFI0640c	
OG5_167141	PFI0665w	
OG5_167142	PFI0710c	
OG5_167143	PFI0750c	
OG5_167144	PFI0760w	
OG5_167145	PFI0765w	102
OG5_167146	PFI0780w	
OG5_167147	PFI0795w	1100
OG5_167148	PFI0840w	
OG5_167149	PFI0900w	
OG5_167150	PFI0915w	
OG5_167151	PFI0975c	2794,2795,2796
OG5_167152	PFI1010w	
OG5_167153	PFI1035w	
OG5_167154	PFI1205c	743,744
OG5_167155	PFI1210w	
OG5_167156	PFI1230c	
OG5_167157	PFI1285w	254,255,256,257
OG5_167158	PFI1305w	
OG5_167159	PFI1315c	
OG5_167160	PFI1415w	
OG5_167161	PFI1463w	
OG5_167162	PFI1495w	127,128
OG5_167163	PFI1550c	
OG5_167164	PFI1630c	
OG5_167165	PFI1675w	
OG5_167166	PF11_0484	
OG5_167167	PF11_0478	514
OG5_167168	PF11_0473	
OG5_167169	PF11_0462	
OG5_167170	PF11_0456	
OG5_167171	PF11_0451	
OG5_167172	PF11_0441	
OG5_167173	PF11_0434	
OG5_167174	PF11_0432	
OG5_167175	PF11_0390	
OG5_167176	PF11_0545	
OG5_167177	PF11_0389	
OG5_167178	PF11_0388	435,436,437,438
OG5_167179	PF11_0369	
OG5_167180	PF11_0363	
OG5_167181	PF11_0360	
OG5_167182	PF11_0354	
OG5_167183	PF11_0353	
OG5_167184	PF11_0330	
OG5_167185	PF11_0328	
OG5_167186	PF11_0325	
OG5_167187	PF11_0324	932,933
OG5_167188	PF11_0323	
OG5_167189	PF11_0319	
OG5_167190	PF11_0304	
OG5_167191	PF11_0302	
OG5_167192	PF11_0294	188,471
OG5_167193	PF11_0290	127,128,129
OG5_167195	PF11_0234	
OG5_167196	PF11_0232	
OG5_167197	PF11_0224	
OG5_167198	PF11_0209	
OG5_167199	PF11_0193	
OG5_167200	PF11_0185	
OG5_167201	PF11_0176	
OG5_167202	PF11_0155	
OG5_167203	PF11_0154	
OG5_167205	PF11_0123	
OG5_167206	PF11_0100	
OG5_167207	PF11_0091	1889
OG5_167208	PF11_0080	
OG5_167209	PF11_0067	
OG5_167210	PF11_0064	
OG5_167211	PFD0170c	848
OG5_167212	PFD0195c	14,15
OG5_167213	PFD0200c	966,967,968,1912,1913,1914
OG5_167214	PFD0210c	
OG5_167215	PFD0215c	
OG5_167216	PFD0225w	3291
OG5_167217	PFD0235c	
OG5_167218	PFD0240c	
OG5_167219	PFD0270c	
OG5_167220	PFD0295c	
OG5_167221	PFD0340c	
OG5_167222	PFD0345c	
OG5_167223	PFD0365c	
OG5_167224	PFD0385w	
OG5_167225	PFD0395c	
OG5_167226	PFD0400w	319,320,321,322,323,403,404
OG5_167227	PFD0435c	
OG5_167228	PFD0487c	
OG5_167229	PFD0520c	
OG5_167230	PF14_0333	
OG5_167231	PF14_0330	
OG5_167233	PF14_0312	
OG5_167234	PF14_0284	
OG5_167235	PF14_0268	34,35,36,37
OG5_167236	PF14_0251	
OG5_167237	PF14_0247	2212,2213
OG5_167238	PF14_0233	
OG5_167239	PF14_0220	
OG5_167240	PF14_0217	
OG5_167241	PF14_0216	
OG5_167242	PF14_0213	
OG5_167243	PF14_0201	
OG5_167244	PF14_0184	
OG5_167245	PF14_0179	
OG5_167246	PF14_0140	
OG5_167247	PF14_0135	
OG5_167248	PF14_0121	
OG5_167249	PF14_0103	126
OG5_167250	PF14_0101	372,2106,2107,2108
OG5_167252	PF14_0087	
OG5_167253	PF14_0085	
OG5_167254	PF14_0079	1804,1870,1871,1872,1873,1874
OG5_167255	PF14_0071	
OG5_167256	PF14_0048	1202
OG5_167257	PF14_0044	
OG5_167258	PF14_0039	143
OG5_167259	PF14_0037	
OG5_167260	PF14_0033	
OG5_167261	PFE0210c	
OG5_167262	PFE0250w	2803,2804
OG5_167263	PFE0255w	
OG5_167264	PFE0295w	
OG5_167265	PFE0345c	
OG5_167266	PFE0360c	
OG5_167267	PFE0390w	
OG5_167268	PFE0395c	
OG5_167269	PFE0495w	88,89,90,91
OG5_167270	PFE0530w	351
OG5_167271	PFE0535w	
OG5_167272	PFE0560c	
OG5_167273	PFE0565w	
OG5_167274	PFE0615w	152
OG5_167275	PFE0620c	
OG5_167276	PFE0680w	
OG5_167277	PFE0695w	
OG5_167278	PFE0715w	
OG5_167279	PFE0725c	
OG5_167280	PFE0735w	
OG5_167281	PFE0780w	
OG5_167282	PFF0790c	153,154
OG5_167283	PFF0805c	
OG5_167284	PFF0810c	
OG5_167285	PFF0870w	
OG5_167286	PFF0925w	
OG5_167287	PFF0950w	
OG5_167288	PFF0985c	
OG5_167289	PFF0990c	
OG5_167290	PFF1005w	
OG5_167291	PFF1060w	
OG5_167292	PFF1090c	
OG5_167293	PFF1220w	
OG5_167294	PFF1230c	
OG5_167295	PFF1290c	
OG5_167296	PFF1340w	
OG5_167297	PFF1380c	
OG5_167298	PFF1460c	
OG5_167299	PFF1490w	528,529,530
OG5_167300	PF13_0284	
OG5_167301	PF13_0288	
OG5_167302	PF13_0306	
OG5_167303	PF13_0307	396,397,597,598,599,646,647,648
OG5_167304	MAL13P1.286	264
OG5_167305	PF13_0314	353
OG5_167306	MAL13P1.410	
OG5_167307	MAL13P1.300	
OG5_167308	MAL13P1.309	
OG5_167309	MAL13P1.315	
OG5_167310	PF13_0333	
OG5_167311	PF13_0337	
OG5_167312	MAL13P1.330	
OG5_167313	PF13_0347	
OG5_167314	PF13_0351	
OG5_167315	PF13_0357	
OG5_167316	MAL13P1.352	
OG5_167317	PF13_0361	
OG5_167318	PF10_0030	
OG5_167319	PF10_0033	
OG5_167320	PF10_0055	
OG5_167321	PF10_0065	
OG5_167322	PF10_0073a	4
OG5_167323	PF10_0075	
OG5_167324	PF10_0100	
OG5_167325	PF10_0106	
OG5_167326	PF10_0108	
OG5_167327	PF10_0125	
OG5_167328	PF10_0129	41,42,43,44,47,128
OG5_167329	PF10_0131	574,575,576
OG5_167330	PF10_0133	482,483
OG5_167331	PF10_0142	
OG5_167332	PF10_0151	
OG5_167333	PF10_0156	131
OG5_167334	PF10_0157	45,46,48
OG5_167335	PF10_0158	
OG5_167336	PFC1035w	
OG5_167337	PFC0945w	
OG5_167338	PFC0940c	
OG5_167339	PFC0895w	
OG5_167340	PF07_0031	
OG5_167341	PF07_0039	
OG5_167342	MAL7P1.29a	
OG5_167343	PF07_0044	225
OG5_167344	MAL7P1.36	
OG5_167345	PF08_0114	1174,1175
OG5_167346	MAL8P1.132	
OG5_167347	PF08_0118	
OG5_167348	MAL8P1.144	
OG5_167349	MAL8P1.152	344,728
OG5_167350	PFF0705c	203,472,473
OG5_167351	PFE1025c	
OG5_167352	PFE1105c	
OG5_167353	PFE1200w	466
OG5_167354	PFE1210c	
OG5_167355	PFE1300w	
OG5_167356	PFE1335c	
OG5_167357	PFE1365w	
OG5_167358	PFE1425c	95,96
OG5_167359	PFE1565w	
OG5_167360	PF14_0720	
OG5_167361	PF14_0719	852,853
OG5_167362	PF14_0388	
OG5_167363	PF14_0389	
OG5_167364	PF14_0405	664,665,666
OG5_167365	PF14_0412	
OG5_167366	PF14_0422	
OG5_167367	PF14_0449	
OG5_167368	PF14_0467	
OG5_167369	PF14_0471	
OG5_167371	PF14_0477a	
OG5_167372	PF14_0487	606,607,608,609
OG5_167373	PF14_0501	2802,2803
OG5_167374	PF14_0504	
OG5_167375	PF14_0515	332,333
OG5_167376	PF14_0521	
OG5_167377	PF14_0522	
OG5_167378	PF14_0534	
OG5_167379	PF14_0536	
OG5_167380	PF14_0538	
OG5_167381	PF14_0549	389
OG5_167382	PF14_0550	168,169,1467
OG5_167383	PF14_0555	
OG5_167384	PF14_0561	
OG5_167386	PF14_0792	
OG5_167387	PF14_0599	383,384
OG5_167388	PF14_0600	
OG5_167389	PF14_0604a	
OG5_167390	PF14_0609	
OG5_167391	PF14_0611	43,44,45
OG5_167392	PF14_0624	
OG5_167393	PF14_0646	
OG5_167394	PF14_0663	
OG5_167395	PF14_0666	
OG5_167396	PF14_0669	
OG5_167397	PF14_0670	56,57
OG5_167398	PF14_0674	
OG5_167399	PF14_0675	
OG5_167400	PF14_0678	
OG5_167401	PF14_0693	
OG5_167402	PF14_0698	
OG5_167403	PF14_0701	
OG5_167404	PF14_0704	
OG5_167405	PF14_0705	
OG5_167406	MAL13P1.127	
OG5_167407	MAL13P1.131	
OG5_167408	PF13_0144	
OG5_167409	MAL13P1.139a	
OG5_167410	MAL13P1.141	
OG5_167411	MAL13P1.550	
OG5_167412	MAL13P1.145	1915
OG5_167413	MAL13P1.151	1778,1779,1785,1786
OG5_167414	MAL13P1.157	
OG5_167415	MAL13P1.160	
OG5_167416	MAL13P1.161	
OG5_167417	PF13_0172	
OG5_167418	PF13_0183	
OG5_167419	PF13_0184	
OG5_167420	MAL13P1.173	
OG5_167421	PF13_0199	
OG5_167422	PF13_0200	
OG5_167423	MAL13P1.179	
OG5_167424	PF13_0203	
OG5_167425	PF13_0212	
OG5_167426	MAL13P1.192	
OG5_167427	PF13_0225	
OG5_167428	PF13_0230	
OG5_167429	MAL13P1.212	
OG5_167430	MAL13P1.228	
OG5_167431	MAL13P1.233	178
OG5_167432	PF13_0245	
OG5_167433	PF13_0247	
OG5_167434	PF13_0249	17,18
OG5_167435	MAL13P1.240	
OG5_167436	MAL13P1.246	
OG5_167437	PF13_0256	
OG5_167438	MAL13P1.254	
OG5_167439	MAL13P1.258	1456
OG5_167440	MAL13P1.266	841
OG5_167441	PF13_0012	
OG5_167442	PF13_0029	
OG5_167443	PF13_0030	
OG5_167444	PF13_0031	
OG5_167445	MAL13P1.30	
OG5_167446	MAL13P1.32	3366,3367
OG5_167447	PF13_0038	
OG5_167448	MAL13P1.46	
OG5_167449	MAL13P1.49	
OG5_167450	PF13_0064	
OG5_167451	PF13_0072	1580,1581
OG5_167452	MAL13P1.73	
OG5_167453	PF13_0090	
OG5_167454	PF13_0098	247,248
OG5_167455	MAL13P1.91	
OG5_167456	PF13_0103	
OG5_167457	PF13_0104	
OG5_167458	PF13_0107	
OG5_167459	PF13_0114	
OG5_167460	PF13_0123	
OG5_167461	MAL7P1.67	
OG5_167462	PF08_0072	
OG5_167463	PF08_0080	
OG5_167464	PF08_0088	
OG5_167465	MAL8P1.102	
OG5_167466	MAL8P1.106-a	57
OG5_167467	PF08_0097	
OG5_167468	MAL8P1.112	
OG5_167469	PF08_0100	548
OG5_167470	PF08_0102	
OG5_167471	PFL0700w	
OG5_167472	PFL0795c	
OG5_167473	PFL0805w	
OG5_167474	PFL0840c	
OG5_167475	PFL0845w	157,158,159,160
OG5_167476	PFL0855c	
OG5_167477	PFL0870w	
OG5_167478	PFL0875w	
OG5_167479	PFL0905c	
OG5_167480	PFL0920c	
OG5_167481	PFL0965c	
OG5_167483	PFL0990w	
OG5_167484	PFL1065c	
OG5_167485	PFL1105c	
OG5_167486	PFL1135c	762,1173
OG5_167487	PFL1235c	89
OG5_167488	PFL1300c	
OG5_167489	PFL1375w	
OG5_167490	PFL1415w	
OG5_167491	PFL1540c	
OG5_167492	PFL1570w	
OG5_167493	PFL1610c	
OG5_167494	PFL1625w	
OG5_167495	PFL1660c	
OG5_167496	PFL1765c	
OG5_167497	PFL1980c	1016,1017,1018,1321,1322,1323,1407,1428,1429,1430
OG5_167498	PFL2035c	
OG5_167499	PFL2080c	
OG5_167500	PFL2135c	
OG5_167501	PFL2155w	858,859
OG5_167502	PFL2205w	
OG5_167503	PFL2285c	
OG5_167504	PFL2320w	
OG5_167505	PFL2350c	
OG5_167506	PFL2360w	18
OG5_167507	PFL2370c	
OG5_167508	PFL2435w	
OG5_167509	PFL2445c	
OG5_168100	MAL8P1.136a	
OG5_168576	PF14_0022	
OG5_169632	PF14_0175	2206,2207,2208,2209
OG5_169686	PFL1095c	
OG5_169830	PFI1380c	19
OG5_169994	PF11_0425	
OG5_170043	PF11_0125	
OG5_170161	MAL13P1.252	
OG5_170399	PF13_0017	87,88,89,90,91
OG5_170697	MAL13P1.142	
OG5_171147	MAL7P1.79	
OG5_171217	PFL0800c	
OG5_171277	MAL8P1.114	
OG5_171322	PFC1025w	
OG5_171457	PFI1075w	
OG5_171484	PF10_0042	
OG5_171683	PF14_0258	
OG5_171918	PF07_0022	
OG5_171953	PF14_0046	
OG5_171960	PF14_0285	
OG5_171980	PF14_0308	
OG5_171987	MAL13P1.77	
OG5_172001	PFF1495w	13,14
OG5_172087	PFL0170w	
OG5_172398	PFB0625w	
OG5_172401	PF14_0636	93
OG5_172408	PF14_0153	
OG5_172675	PF11_0231	
OG5_172992	PF14_0130	
OG5_173024	MAL13P1.265	
OG5_173114	PFE0127c	
OG5_173116	PF10_0185	
OG5_173160	PFD0955w	
OG5_173165	PF07_0038	63,64
OG5_173172	PFC0615w	
OG5_173656	PF14_0371	117
OG5_173664	PFA0560c	
OG5_173783	PFF0602w	
OG5_173785	PFA0585w	
OG5_173786	PFA0395w	
OG5_173789	PFB0485c	
OG5_173790	PFB0490c	
OG5_173791	PFB0530c	
OG5_173792	PFC0381c	
OG5_173793	PFC0416w	40,41,42
OG5_173794	PFC0450w	
OG5_173795	PFC0460w	
OG5_173796	PFC0630w	
OG5_173797	PFC0670c	
OG5_173798	PFC0695w	
OG5_173799	PFC0700c	
OG5_173800	PF10_0207	
OG5_173801	PF10_0228	
OG5_173803	PF10_0314a	
OG5_173805	PFD1065c	
OG5_173806	PFL0080c	
OG5_173807	PFL0085c	
OG5_173808	PFL0140w	
OG5_173809	PFL0265w	
OG5_173810	PFL0365c	
OG5_173811	PFL0395c	
OG5_173812	PFL0400w	
OG5_173813	PFD0580c	
OG5_173814	PF07_0075	
OG5_173818	MAL8P1.36	
OG5_173820	PF07_0013	
OG5_173822	PFI0620w	
OG5_173823	PFI0745w	
OG5_173824	PFI0800c	
OG5_173826	PFI0995w	
OG5_173827	PFI1185c	
OG5_173828	PFI1225w	
OG5_173829	PFI1281w	
OG5_173830	PFI1390w	182,185
OG5_173832	PFI1530c	
OG5_173835	PF11_0460	
OG5_173836	PF11_0426	
OG5_173837	PF11_0368a	
OG5_173838	PF11_0346	
OG5_173839	PF11_0321	
OG5_173842	PF11_0285	72,73
OG5_173843	PF11_0283	
OG5_173844	PF11_0263	
OG5_173847	PF11_0214	
OG5_173848	PF11_0129	913
OG5_173849	PF11_0120	
OG5_173850	PF11_0550	
OG5_173851	PF11_0075	
OG5_173852	PFD0155c	
OG5_173853	PFD0205c	
OG5_173854	PF14_0319	
OG5_173855	PF14_0303	1232
OG5_173856	PF14_0189	
OG5_173857	PF14_0181	
OG5_173858	PF14_0040	
OG5_173859	PFE0315c	
OG5_173860	PFE0365c	
OG5_173862	PFE0550w	
OG5_173863	PFF1235w	
OG5_173864	PFF1310c	
OG5_173865	PFF1475c	
OG5_173866	MAL13P1.276	
OG5_173868	MAL13P1.305	
OG5_173869	PF13_0343	
OG5_173871	MAL13P1.340	
OG5_173873	PF10_0059	
OG5_173874	PF10_0063a	
OG5_173875	PF10_0088	
OG5_173877	PF10_0134	
OG5_173878	PF08_0119	
OG5_173879	MAL8P1.148	
OG5_173880	PFF0725w	
OG5_173881	PFE1065w	
OG5_173882	PFE1082c	
OG5_173883	PFE1205c	
OG5_173884	PFE1220w	
OG5_173886	PF14_0424	
OG5_173887	PF14_0790	
OG5_173890	PF14_0633a	
OG5_173892	PF14_0692	
OG5_173893	PF13_0139	
OG5_173894	PF13_0160	
OG5_173895	MAL13P1.149	
OG5_173897	MAL13P1.201	
OG5_173899	MAL13P1.211	
OG5_173900	PF13_0241a	
OG5_173901	MAL13P1.236	
OG5_173902	PF13_0255	
OG5_173903	MAL13P1.247	
OG5_173904	MAL13P1.251	
OG5_173905	PF13_0270	
OG5_173906	MAL13P1.17	
OG5_173908	PF13_0112	
OG5_173910	MAL8P1.86	
OG5_173911	MAL8P1.93	
OG5_173912	MAL8P1.107	
OG5_173913	PFL0715w	
OG5_173914	PFL0995c	
OG5_173915	PFL1305c	
OG5_173916	PFL1526c	
OG5_173917	PFL2025w	
OG5_173918	PFL2078w	
OG5_173919	PFL2340w	
OG5_173920	PFL2455w	
OG5_173921	PFL2480w	14
OG5_178836	PFE1500c	
OG5_182710	PFC0625w	
OG5_184622	PFC0645w	
OG5_184635	PFI1405c	
OG5_184646	PF14_0180	
OG5_184647	PF14_0169	
OG5_184650	PFE0760w	
OG5_184658	PF13_0218a	
